description,doc1_quantity,doc1_cost,unit,doc1_occurrences,doc2_quantity,doc2_cost,doc2_occurrences,quantity_difference,cost_difference,percentage_cost_difference,match_confidence,category,standardized_unit,is_temporary,is_labor,significant_difference
Scaffold - per section (per month),29.0,3928.22,MO,"{'total_quantity': 29.0, 'total_rcv': 3928.22, 'occurrences_detail': ['Line 1: Qty=29.0, RCV=$3928.22']}",24.0,3250.94,"{'total_quantity': 24.0, 'total_rcv': 3250.94, 'occurrences_detail': ['Line 424: Qty=24.0, RCV=$3250.94']}",5.0,677.2799999999997,17.24139686677426,100,SCAFFOLDING,months,False,False,True
Labor to set up and take down scaffold -,29.0,1327.63,EA,"{'total_quantity': 29.0, 'total_rcv': 1327.63, 'occurrences_detail': ['Line 2: Qty=29.0, RCV=$1327.63']}",,,,,,,0,SCAFFOLDING,each,False,True,False
Two ladders with jacks and plank (per,2.0,279.92,DA,"{'total_quantity': 2.0, 'total_rcv': 279.92, 'occurrences_detail': ['Line 3: Qty=2.0, RCV=$279.92']}",2.0,279.92,"{'total_quantity': 2.0, 'total_rcv': 279.92, 'occurrences_detail': ['Line 426: Qty=2.0, RCV=$279.92']}",0.0,0.0,0.0,100,STAIRS,days,False,False,False
R&R House wrap (air/moisture barrier),16.0,7.87,SF,"{'total_quantity': 16.0, 'total_rcv': 7.87, 'occurrences_detail': ['Line 4: Qty=16.0, RCV=$7.87']}",,,,,,,0,HVAC,square_feet,False,False,False
"R&R Fiber cement lap siding - 8""",16.0,115.96,SF,"{'total_quantity': 16.0, 'total_rcv': 115.96, 'occurrences_detail': ['Line 5: Qty=16.0, RCV=$115.96']}",,,,,,,0,SIDING,square_feet,False,False,False
Seal & paint wood siding,2315.72,5853.34,SF,"{'total_quantity': 2315.72, 'total_rcv': 5853.34, 'occurrences_detail': ['Line 6: Qty=2315.72, RCV=$5853.34']}",2315.72,5623.2,"{'total_quantity': 2315.72, 'total_rcv': 5623.2, 'occurrences_detail': ['Line 401: Qty=2315.72, RCV=$5623.20']}",0.0,230.14000000000033,3.931772287275305,100,FLOOR COVERING,square_feet,False,False,False
"R&R Siding trim - 1"" x 4"" fiber cement",18.0,158.16,LF,"{'total_quantity': 18.0, 'total_rcv': 158.16, 'occurrences_detail': ['Line 7: Qty=18.0, RCV=$158.16']}",,,,,,,0,SIDING,linear_feet,False,False,False
Seal & paint trim - two coats,54.0,102.67,LF,"{'total_quantity': 54.0, 'total_rcv': 102.67, 'occurrences_detail': ['Line 8: Qty=54.0, RCV=$102.67']}",54.0,99.86,"{'total_quantity': 54.0, 'total_rcv': 99.86, 'occurrences_detail': ['Line 402: Qty=54.0, RCV=$99.86']}",0.0,2.8100000000000023,2.7369241258400723,100,PAINTING,linear_feet,False,False,False
R&R Jamb and trim for overhead door,30.0,399.68,LF,"{'total_quantity': 30.0, 'total_rcv': 399.68, 'occurrences_detail': ['Line 9: Qty=30.0, RCV=$399.68']}",,,,,,,0,DOORS,linear_feet,False,False,False
Seal & paint double garage door,1.0,166.94,EA,"{'total_quantity': 1.0, 'total_rcv': 166.94, 'occurrences_detail': ['Line 10: Qty=1.0, RCV=$166.94']}",1.0,162.9,"{'total_quantity': 1.0, 'total_rcv': 162.9, 'occurrences_detail': ['Line 403: Qty=1.0, RCV=$162.90']}",0.0,4.039999999999992,2.4200311489157733,100,PAINTING,each,False,False,False
Mask or cover per square foot,370.96,239.57,SF,"{'total_quantity': 370.96, 'total_rcv': 239.57, 'occurrences_detail': ['Line 11: Qty=370.96, RCV=$239.57']}",,,,,,,0,UNCATEGORIZED,square_feet,False,False,False
R&R Metal lath & stucco,1050.0,16023.56,SF,"{'total_quantity': 1050.0, 'total_rcv': 16023.56, 'occurrences_detail': ['Line 12: Qty=260.0, RCV=$3967.75', 'Line 15: Qty=540.0, RCV=$8240.67', 'Line 25: Qty=250.0, RCV=$3815.14']}",,,,,,,0,STEEL COMPONENTS,square_feet,False,False,False
"R&R Sheathing - OSB - 1/2""",1050.0,3589.9700000000003,SF,"{'total_quantity': 1050.0, 'total_rcv': 3589.9700000000003, 'occurrences_detail': ['Line 13: Qty=260.0, RCV=$888.95', 'Line 16: Qty=540.0, RCV=$1846.27', 'Line 26: Qty=250.0, RCV=$854.75']}",,,,,,,0,HVAC,square_feet,False,False,False
"R&R Batt insulation - 4"" - R13 - paper",1050.0,1815.32,SF,"{'total_quantity': 1050.0, 'total_rcv': 1815.32, 'occurrences_detail': ['Line 14: Qty=260.0, RCV=$449.51', 'Line 17: Qty=540.0, RCV=$933.59', 'Line 27: Qty=250.0, RCV=$432.22']}",,,,,,,0,OFFICE SUPPLIES,square_feet,False,False,False
Flashing tape - self-adhesive,162.0,317.06,LF,"{'total_quantity': 162.0, 'total_rcv': 317.06, 'occurrences_detail': ['Line 18: Qty=140.0, RCV=$274.00', 'Line 28: Qty=22.0, RCV=$43.06']}",,,,,,,0,PAINTING,linear_feet,False,False,False
R&R Board-up windows and doors,149.0,581.24,SF,"{'total_quantity': 149.0, 'total_rcv': 581.24, 'occurrences_detail': ['Line 19: Qty=125.0, RCV=$487.62', 'Line 29: Qty=24.0, RCV=$93.62']}",,,,,,,0,WINDOWS,square_feet,False,False,False
Protection - cardboard and tape*,222.0,170.17,SF,"{'total_quantity': 222.0, 'total_rcv': 170.17, 'occurrences_detail': ['Line 20: Qty=125.0, RCV=$95.82', 'Line 24: Qty=60.0, RCV=$45.98', 'Line 30: Qty=21.0, RCV=$16.09', 'Line 34: Qty=16.0, RCV=$12.28']}",100.0,74.87,"{'total_quantity': 100.0, 'total_rcv': 74.87, 'occurrences_detail': ['Line 423: Qty=100.0, RCV=$74.87']}",122.0,95.29999999999998,56.00282070870306,91,PAINTING,square_feet,False,False,True
Sandblasting - Extra heavy,585.0,1579.8600000000001,SF,"{'total_quantity': 585.0, 'total_rcv': 1579.8600000000001, 'occurrences_detail': ['Line 21: Qty=360.0, RCV=$972.22', 'Line 31: Qty=225.0, RCV=$607.64']}",,,,,,,0,UNCATEGORIZED,square_feet,False,False,False
Stucco re-leveing base coat - skim,585.0,1064.15,SF,"{'total_quantity': 585.0, 'total_rcv': 1064.15, 'occurrences_detail': ['Line 22: Qty=360.0, RCV=$654.86', 'Line 32: Qty=225.0, RCV=$409.29']}",,,,,,,0,PLASTER,square_feet,False,False,False
Stucco color coat (Redash) - coarse,585.0,3324.2200000000003,SF,"{'total_quantity': 585.0, 'total_rcv': 3324.2200000000003, 'occurrences_detail': ['Line 23: Qty=360.0, RCV=$2045.67', 'Line 33: Qty=225.0, RCV=$1278.55']}",,,,,,,0,PLASTER,square_feet,False,False,False
"Mask wall - plastic, paper, tape (per LF)",837.9399999999999,1807.6399999999999,LF,"{'total_quantity': 837.9399999999999, 'total_rcv': 1807.6399999999999, 'occurrences_detail': ['Line 35: Qty=63.96, RCV=$137.98', 'Line 68: Qty=12.83, RCV=$27.68', 'Line 85: Qty=26.58, RCV=$57.35', 'Line 115: Qty=42.99, RCV=$92.74', 'Line 135: Qty=17.24, RCV=$37.19', 'Line 150: Qty=55.67, RCV=$120.08', 'Line 171: Qty=93.71, RCV=$202.16', 'Line 197: Qty=76.83, RCV=$165.74', 'Line 223: Qty=18.08, RCV=$39.00', 'Line 241: Qty=18.25, RCV=$39.37', 'Line 249: Qty=51.75, RCV=$111.63', 'Line 301: Qty=71.42, RCV=$154.07', 'Line 345: Qty=25.0, RCV=$53.94', 'Line 367: Qty=17.17, RCV=$37.05', 'Line 393: Qty=80.64, RCV=$173.94', 'Line 431: Qty=28.17, RCV=$60.78', 'Line 469: Qty=62.5, RCV=$134.82', 'Line 491: Qty=61.83, RCV=$133.37', 'Line 513: Qty=13.32, RCV=$28.75']}",,,,,,,0,OFFICE SUPPLIES,linear_feet,False,False,False
Install Window blind - horizontal or,5.0,280.97,EA,"{'total_quantity': 5.0, 'total_rcv': 280.97, 'occurrences_detail': ['Line 36: Qty=4.0, RCV=$224.78', 'Line 250: Qty=1.0, RCV=$56.19']}",,,,,,,0,WINDOWS,each,False,False,False
Rewire - average residence - copper,522.6,4682.97,SF,"{'total_quantity': 522.6, 'total_rcv': 4682.97, 'occurrences_detail': ['Line 37: Qty=212.83, RCV=$1907.14', 'Line 152: Qty=33.43, RCV=$299.58', 'Line 176: Qty=116.66, RCV=$1045.38', 'Line 291: Qty=159.68, RCV=$1430.87']}",,,,,,,0,ELECTRICAL,square_feet,False,False,False
R&R Switch - High grade,6.0,263.24,EA,"{'total_quantity': 6.0, 'total_rcv': 263.24, 'occurrences_detail': ['Line 38: Qty=3.0, RCV=$131.62', 'Line 292: Qty=3.0, RCV=$131.62']}",,,,,,,0,ELECTRICAL,each,False,False,False
R&R Outlet - High grade,25.0,1007.1899999999999,EA,"{'total_quantity': 25.0, 'total_rcv': 1007.1899999999999, 'occurrences_detail': ['Line 39: Qty=7.0, RCV=$282.01', 'Line 153: Qty=2.0, RCV=$80.57', 'Line 177: Qty=7.0, RCV=$282.01', 'Line 293: Qty=9.0, RCV=$362.60']}",,,,,,,0,ELECTRICAL,each,False,False,False
Ceiling fan & light,5.0,2517.16,EA,"{'total_quantity': 5.0, 'total_rcv': 2517.16, 'occurrences_detail': ['Line 40: Qty=5.0, RCV=$2517.16']}",1.0,495.73,"{'total_quantity': 1.0, 'total_rcv': 495.73, 'occurrences_detail': ['Line 99: Qty=1.0, RCV=$495.73']}",4.0,2021.4299999999998,80.30597975496194,100,PAINTING,each,False,False,True
Smoke detector - High grade,2.0,262.6,EA,"{'total_quantity': 2.0, 'total_rcv': 262.6, 'occurrences_detail': ['Line 41: Qty=1.0, RCV=$131.30', 'Line 297: Qty=1.0, RCV=$131.30']}",,,,,,,0,SMOKE & SAFETY DEVICES,each,False,False,False
Heat/AC register - Mechanically,7.0,203.55999999999997,EA,"{'total_quantity': 7.0, 'total_rcv': 203.55999999999997, 'occurrences_detail': ['Line 42: Qty=1.0, RCV=$28.81', 'Line 88: Qty=1.0, RCV=$32.73', 'Line 179: Qty=1.0, RCV=$28.81', 'Line 200: Qty=1.0, RCV=$18.94', 'Line 298: Qty=1.0, RCV=$28.81', 'Line 397: Qty=1.0, RCV=$32.73', 'Line 495: Qty=1.0, RCV=$32.73']}",1.0,17.05,"{'total_quantity': 1.0, 'total_rcv': 17.05, 'occurrences_detail': ['Line 279: Qty=1.0, RCV=$17.05']}",6.0,186.50999999999996,91.62409117704853,100,HVAC,each,False,False,True
"R&R Ductwork - hot or cold air - 4""",28.33,556.6700000000001,LF,"{'total_quantity': 28.33, 'total_rcv': 556.6700000000001, 'occurrences_detail': ['Line 43: Qty=8.0, RCV=$157.20', 'Line 299: Qty=20.33, RCV=$399.47']}",2.0,1100.46,"{'total_quantity': 2.0, 'total_rcv': 1100.46, 'occurrences_detail': ['Line 54: Qty=1.0, RCV=$550.23', 'Line 93: Qty=1.0, RCV=$550.23']}",26.33,-543.79,-97.68624139975208,89,HVAC,linear_feet,False,False,True
"R&R Batt insulation - 6"" - R19 -",372.51,741.5699999999999,SF,"{'total_quantity': 372.51, 'total_rcv': 741.5699999999999, 'occurrences_detail': ['Line 44: Qty=212.83, RCV=$423.69', 'Line 252: Qty=159.68, RCV=$317.88']}",,,,,,,0,INSULATION,square_feet,False,False,False
"5/8"" drywall - hung, taped, floated,",1843.46,7487.8,SF,"{'total_quantity': 1843.46, 'total_rcv': 7487.8, 'occurrences_detail': ['Line 45: Qty=367.69, RCV=$1493.48', 'Line 69: Qty=4.69, RCV=$19.05', 'Line 93: Qty=49.28, RCV=$200.17', 'Line 120: Qty=52.4, RCV=$212.82', 'Line 136: Qty=14.47, RCV=$58.78', 'Line 154: Qty=300.0, RCV=$1218.55', 'Line 181: Qty=273.34, RCV=$1110.27', 'Line 204: Qty=118.22, RCV=$480.20', 'Line 227: Qty=35.69, RCV=$144.96', 'Line 242: Qty=26.5, RCV=$107.64', 'Line 251: Qty=441.33, RCV=$1792.58', 'Line 406: Qty=120.22, RCV=$488.31', 'Line 435: Qty=39.63, RCV=$160.99']}",136.76,539.74,"{'total_quantity': 136.76, 'total_rcv': 539.74, 'occurrences_detail': ['Line 5: Qty=136.76, RCV=$539.74']}",1706.7,6948.06,92.79174123240472,100,PAINTING,square_feet,False,False,True
Tape joint for new to existing drywall -,486.83,6742.72,LF,"{'total_quantity': 486.83, 'total_rcv': 6742.72, 'occurrences_detail': ['Line 46: Qty=81.58, RCV=$1129.90', 'Line 70: Qty=2.33, RCV=$32.27', 'Line 94: Qty=24.25, RCV=$335.87', 'Line 121: Qty=25.5, RCV=$353.18', 'Line 137: Qty=12.17, RCV=$168.57', 'Line 182: Qty=98.0, RCV=$1357.31', 'Line 205: Qty=49.5, RCV=$685.60', 'Line 228: Qty=15.08, RCV=$208.87', 'Line 243: Qty=13.25, RCV=$183.51', 'Line 309: Qty=58.33, RCV=$807.89', 'Line 352: Qty=22.67, RCV=$313.97', 'Line 374: Qty=14.67, RCV=$203.20', 'Line 407: Qty=47.5, RCV=$657.88', 'Line 436: Qty=22.0, RCV=$304.70']}",223.91,3042.6499999999996,"{'total_quantity': 223.91, 'total_rcv': 3042.6499999999996, 'occurrences_detail': ['Line 6: Qty=42.0, RCV=$570.73', 'Line 25: Qty=98.0, RCV=$1331.69', 'Line 95: Qty=81.58, RCV=$1108.57', 'Line 119: Qty=2.33, RCV=$31.66']}",262.91999999999996,3700.0700000000006,54.87503559394429,100,PAINTING,linear_feet,False,False,True
Texture drywall - smooth / skim coat,3875.88,8749.94,SF,"{'total_quantity': 3875.88, 'total_rcv': 8749.94, 'occurrences_detail': ['Line 47: Qty=290.38, RCV=$655.54', 'Line 71: Qty=18.78, RCV=$42.39', 'Line 95: Qty=197.11, RCV=$444.98', 'Line 122: Qty=209.61, RCV=$473.21', 'Line 138: Qty=57.89, RCV=$130.70', 'Line 155: Qty=300.0, RCV=$677.26', 'Line 183: Qty=683.34, RCV=$1542.67', 'Line 206: Qty=472.89, RCV=$1067.55', 'Line 229: Qty=142.75, RCV=$322.25', 'Line 253: Qty=281.65, RCV=$635.85', 'Line 310: Qty=461.41, RCV=$1041.64', 'Line 375: Qty=120.67, RCV=$272.43', 'Line 408: Qty=480.87, RCV=$1085.57', 'Line 437: Qty=158.53, RCV=$357.90']}",3586.5800000000004,7912.92,"{'total_quantity': 3586.5800000000004, 'total_rcv': 7912.92, 'occurrences_detail': ['Line 7: Qty=145.0, RCV=$319.92', 'Line 26: Qty=676.93, RCV=$1493.48', 'Line 41: Qty=275.88, RCV=$608.67', 'Line 96: Qty=227.35, RCV=$501.60', 'Line 120: Qty=18.78, RCV=$41.44', 'Line 134: Qty=57.89, RCV=$127.71', 'Line 152: Qty=197.11, RCV=$434.87', 'Line 175: Qty=209.61, RCV=$462.46', 'Line 197: Qty=472.89, RCV=$1043.32', 'Line 234: Qty=158.53, RCV=$349.75', 'Line 256: Qty=231.77, RCV=$511.34', 'Line 284: Qty=475.57, RCV=$1049.22', 'Line 330: Qty=318.6, RCV=$702.91', 'Line 356: Qty=120.67, RCV=$266.23']}",289.2999999999997,837.0200000000004,9.566008452629395,100,PAINTING,square_feet,False,False,True
Seal the walls and ceiling w/PVA,4037.95,3130.9400000000005,SF,"{'total_quantity': 4037.95, 'total_rcv': 3130.9400000000005, 'occurrences_detail': ['Line 48: Qty=599.99, RCV=$465.22', 'Line 72: Qty=29.07, RCV=$22.54', 'Line 96: Qty=232.85, RCV=$180.53', 'Line 123: Qty=260.83, RCV=$202.23', 'Line 207: Qty=657.36, RCV=$509.69', 'Line 230: Qty=163.89, RCV=$127.08', 'Line 244: Qty=125.94, RCV=$97.65', 'Line 409: Qty=692.02, RCV=$536.59', 'Line 438: Qty=212.7, RCV=$164.92', 'Line 476: Qty=515.08, RCV=$399.40', 'Line 499: Qty=548.22, RCV=$425.09']}",,,,,,,0,PAINTING,square_feet,False,False,False
Paint the walls and ceiling - two coats,4037.95,6117.99,SF,"{'total_quantity': 4037.95, 'total_rcv': 6117.99, 'occurrences_detail': ['Line 49: Qty=599.99, RCV=$821.34', 'Line 73: Qty=29.07, RCV=$39.80', 'Line 97: Qty=232.85, RCV=$318.76', 'Line 124: Qty=260.83, RCV=$357.04', 'Line 208: Qty=657.36, RCV=$899.86', 'Line 231: Qty=163.89, RCV=$224.34', 'Line 245: Qty=125.94, RCV=$172.40', 'Line 410: Qty=692.02, RCV=$1154.93', 'Line 439: Qty=212.7, RCV=$354.97', 'Line 477: Qty=515.08, RCV=$859.61', 'Line 500: Qty=548.22, RCV=$914.94']}",,,,,,,0,PAINTING,square_feet,False,False,False
Mask the walls per square foot - plastic,603.0600000000001,199.84,SF,"{'total_quantity': 603.0600000000001, 'total_rcv': 199.84, 'occurrences_detail': ['Line 50: Qty=387.17, RCV=$128.30', 'Line 74: Qty=18.78, RCV=$6.23', 'Line 98: Qty=197.11, RCV=$65.31']}",,,,,,,0,PAINTING,square_feet,False,False,False
"Casing - 2 1/4""",208.5,696.9300000000001,LF,"{'total_quantity': 208.5, 'total_rcv': 696.9300000000001, 'occurrences_detail': ['Line 51: Qty=17.0, RCV=$56.83', 'Line 141: Qty=17.0, RCV=$56.83', 'Line 187: Qty=17.0, RCV=$56.83', 'Line 210: Qty=51.0, RCV=$170.46', 'Line 261: Qty=38.5, RCV=$128.68', 'Line 441: Qty=68.0, RCV=$227.30']}",89.5,273.63,"{'total_quantity': 89.5, 'total_rcv': 273.63, 'occurrences_detail': ['Line 59: Qty=38.5, RCV=$117.69', 'Line 103: Qty=17.0, RCV=$51.98', 'Line 156: Qty=17.0, RCV=$51.98', 'Line 291: Qty=17.0, RCV=$51.98']}",119.0,423.30000000000007,60.73780724032544,100,FINISH CARPENTRY,linear_feet,False,False,True
Seal & paint casing - three coats,289.0,832.9399999999999,LF,"{'total_quantity': 289.0, 'total_rcv': 832.9399999999999, 'occurrences_detail': ['Line 52: Qty=17.0, RCV=$49.01', 'Line 76: Qty=51.0, RCV=$146.98', 'Line 100: Qty=17.0, RCV=$49.01', 'Line 127: Qty=34.0, RCV=$97.97', 'Line 142: Qty=17.0, RCV=$49.01', 'Line 160: Qty=17.0, RCV=$49.01', 'Line 188: Qty=17.0, RCV=$49.01', 'Line 211: Qty=51.0, RCV=$146.98', 'Line 442: Qty=68.0, RCV=$195.96']}",349.0,679.29,"{'total_quantity': 349.0, 'total_rcv': 679.29, 'occurrences_detail': ['Line 60: Qty=38.5, RCV=$74.94', 'Line 124: Qty=51.0, RCV=$99.26', 'Line 140: Qty=17.0, RCV=$33.09', 'Line 157: Qty=17.0, RCV=$33.09', 'Line 179: Qty=34.0, RCV=$66.17', 'Line 237: Qty=68.0, RCV=$132.36', 'Line 260: Qty=17.0, RCV=$33.09', 'Line 292: Qty=17.0, RCV=$33.09', 'Line 317: Qty=17.0, RCV=$33.09', 'Line 338: Qty=34.0, RCV=$66.17', 'Line 414: Qty=38.5, RCV=$74.94']}",-60.0,153.64999999999998,18.446706845631137,89,PAINTING,linear_feet,False,False,True
French door - Detach & reset,1.0,126.84,EA,"{'total_quantity': 1.0, 'total_rcv': 126.84, 'occurrences_detail': ['Line 53: Qty=1.0, RCV=$126.84']}",1.0,30.69,"{'total_quantity': 1.0, 'total_rcv': 30.69, 'occurrences_detail': ['Line 104: Qty=1.0, RCV=$30.69']}",0.0,96.15,75.80416272469253,100,DOORS,each,False,False,True
Door knob/lockset - Detach & reset,11.0,412.69999999999993,EA,"{'total_quantity': 11.0, 'total_rcv': 412.69999999999993, 'occurrences_detail': ['Line 54: Qty=1.0, RCV=$37.52', 'Line 102: Qty=1.0, RCV=$37.52', 'Line 144: Qty=1.0, RCV=$37.52', 'Line 162: Qty=1.0, RCV=$37.52', 'Line 214: Qty=2.0, RCV=$75.02', 'Line 358: Qty=1.0, RCV=$37.52', 'Line 381: Qty=1.0, RCV=$37.52', 'Line 422: Qty=1.0, RCV=$37.52', 'Line 483: Qty=1.0, RCV=$37.52', 'Line 506: Qty=1.0, RCV=$37.52']}",,,,,,,0,DOORS,each,False,False,False
Seal & paint French door slab only - 2,10.0,966.58,EA,"{'total_quantity': 10.0, 'total_rcv': 966.58, 'occurrences_detail': ['Line 55: Qty=2.0, RCV=$193.32', 'Line 259: Qty=4.0, RCV=$386.63', 'Line 415: Qty=4.0, RCV=$386.63']}",4.0,377.62,"{'total_quantity': 4.0, 'total_rcv': 377.62, 'occurrences_detail': ['Line 57: Qty=2.0, RCV=$188.81', 'Line 106: Qty=2.0, RCV=$188.81']}",6.0,588.96,60.93235945291647,84,PAINTING,each,False,False,True
Paint door or window opening - 2 coats,4.0,170.21,EA,"{'total_quantity': 4.0, 'total_rcv': 170.21, 'occurrences_detail': ['Line 56: Qty=4.0, RCV=$170.21']}",1.0,41.51,"{'total_quantity': 1.0, 'total_rcv': 41.51, 'occurrences_detail': ['Line 61: Qty=1.0, RCV=$41.51']}",3.0,128.70000000000002,75.61247870277893,100,OFFICE SUPPLIES,each,False,False,True
"Baseboard - 2 1/4""",181.48,785.3299999999999,LF,"{'total_quantity': 181.48, 'total_rcv': 785.3299999999999, 'occurrences_detail': ['Line 57: Qty=42.21, RCV=$182.65', 'Line 78: Qty=2.33, RCV=$10.08', 'Line 113: Qty=24.25, RCV=$104.95', 'Line 190: Qty=63.19, RCV=$273.45', 'Line 216: Qty=49.5, RCV=$214.20']}",392.07000000000005,1601.9399999999998,"{'total_quantity': 392.07000000000005, 'total_rcv': 1601.9399999999998, 'occurrences_detail': ['Line 14: Qty=17.0, RCV=$69.46', 'Line 36: Qty=75.25, RCV=$307.46', 'Line 89: Qty=11.66, RCV=$47.64', 'Line 111: Qty=41.33, RCV=$168.86', 'Line 130: Qty=2.33, RCV=$9.52', 'Line 144: Qty=24.25, RCV=$99.09', 'Line 170: Qty=24.25, RCV=$99.09', 'Line 189: Qty=25.5, RCV=$104.19', 'Line 205: Qty=49.5, RCV=$202.26', 'Line 244: Qty=22.0, RCV=$89.88', 'Line 383: Qty=49.0, RCV=$200.20', 'Line 397: Qty=50.0, RCV=$204.29']}",-210.59000000000006,-816.6099999999999,-103.98303897724523,100,FINISH CARPENTRY,linear_feet,False,False,True
Seal & paint baseboard - three coats,553.15,1579.45,LF,"{'total_quantity': 553.15, 'total_rcv': 1579.45, 'occurrences_detail': ['Line 58: Qty=42.21, RCV=$120.52', 'Line 79: Qty=2.33, RCV=$6.67', 'Line 114: Qty=24.25, RCV=$69.24', 'Line 131: Qty=25.5, RCV=$72.82', 'Line 167: Qty=15.0, RCV=$42.83', 'Line 191: Qty=63.19, RCV=$180.42', 'Line 217: Qty=49.5, RCV=$141.34', 'Line 264: Qty=36.17, RCV=$103.28', 'Line 316: Qty=58.33, RCV=$166.56', 'Line 366: Qty=22.67, RCV=$64.72', 'Line 392: Qty=14.67, RCV=$41.89', 'Line 430: Qty=47.5, RCV=$135.63', 'Line 445: Qty=22.0, RCV=$62.81', 'Line 468: Qty=30.83, RCV=$88.04', 'Line 490: Qty=49.0, RCV=$139.91', 'Line 512: Qty=50.0, RCV=$142.77']}",329.32,636.68,"{'total_quantity': 329.32, 'total_rcv': 636.68, 'occurrences_detail': ['Line 90: Qty=11.66, RCV=$22.56', 'Line 113: Qty=41.33, RCV=$79.90', 'Line 131: Qty=2.33, RCV=$4.50', 'Line 145: Qty=24.25, RCV=$46.88', 'Line 171: Qty=24.25, RCV=$46.88', 'Line 190: Qty=25.5, RCV=$49.30', 'Line 206: Qty=49.5, RCV=$95.70', 'Line 245: Qty=22.0, RCV=$42.53', 'Line 302: Qty=47.5, RCV=$91.83', 'Line 324: Qty=22.67, RCV=$43.83', 'Line 351: Qty=58.33, RCV=$112.77']}",223.82999999999998,942.7700000000001,59.68976542467315,90,PAINTING,linear_feet,False,False,True
"Quarter round - 3/4""",42.21,107.4,LF,"{'total_quantity': 42.21, 'total_rcv': 107.4, 'occurrences_detail': ['Line 59: Qty=42.21, RCV=$107.40']}",41.33,102.86,"{'total_quantity': 41.33, 'total_rcv': 102.86, 'occurrences_detail': ['Line 112: Qty=41.33, RCV=$102.86']}",0.8800000000000026,4.540000000000006,4.22718808193669,100,UNCATEGORIZED,linear_feet,False,False,False
Seal & paint base shoe or quarter,42.21,45.77,LF,"{'total_quantity': 42.21, 'total_rcv': 45.77, 'occurrences_detail': ['Line 60: Qty=42.21, RCV=$45.77']}",41.33,43.15,"{'total_quantity': 41.33, 'total_rcv': 43.15, 'occurrences_detail': ['Line 114: Qty=41.33, RCV=$43.15']}",0.8800000000000026,2.6200000000000045,5.724273541621159,100,PAINTING,linear_feet,False,False,True
Floor protection - cardboard and tape,1846.6200000000003,1614.8000000000002,SF,"{'total_quantity': 1846.6200000000003, 'total_rcv': 1614.8000000000002, 'occurrences_detail': ['Line 61: Qty=212.83, RCV=$186.11', 'Line 80: Qty=10.29, RCV=$9.00', 'Line 108: Qty=35.74, RCV=$31.25', 'Line 146: Qty=13.27, RCV=$11.61', 'Line 165: Qty=83.57, RCV=$73.08', 'Line 192: Qty=291.66, RCV=$255.05', 'Line 219: Qty=184.47, RCV=$161.30', 'Line 235: Qty=21.14, RCV=$18.49', 'Line 287: Qty=159.68, RCV=$139.64', 'Line 341: Qty=104.21, RCV=$91.14', 'Line 361: Qty=38.72, RCV=$33.85', 'Line 387: Qty=16.53, RCV=$14.46', 'Line 425: Qty=206.03, RCV=$180.15', 'Line 449: Qty=54.17, RCV=$47.37', 'Line 463: Qty=57.92, RCV=$50.64', 'Line 486: Qty=121.74, RCV=$106.45', 'Line 508: Qty=149.11, RCV=$130.40', 'Line 518: Qty=85.54, RCV=$74.81']}",100.0,74.87,"{'total_quantity': 100.0, 'total_rcv': 74.87, 'occurrences_detail': ['Line 423: Qty=100.0, RCV=$74.87']}",1746.6200000000003,1539.9300000000003,95.36351250928908,100,FLOOR COVERING,square_feet,False,False,True
Remove Snaplock Laminate -,514.78,969.8499999999999,SF,"{'total_quantity': 514.78, 'total_rcv': 969.8499999999999, 'occurrences_detail': ['Line 62: Qty=212.83, RCV=$400.96', 'Line 81: Qty=10.29, RCV=$19.40', 'Line 193: Qty=291.66, RCV=$549.49']}",,,,,,,0,FLOOR COVERING,square_feet,False,False,False
Add for glued down application over,1350.25,6912.65,SF,"{'total_quantity': 1350.25, 'total_rcv': 6912.65, 'occurrences_detail': ['Line 63: Qty=212.83, RCV=$855.16', 'Line 82: Qty=10.29, RCV=$41.35', 'Line 147: Qty=13.27, RCV=$53.32', 'Line 194: Qty=291.66, RCV=$1171.92', 'Line 220: Qty=184.47, RCV=$741.22', 'Line 236: Qty=21.14, RCV=$84.95', 'Line 426: Qty=206.03, RCV=$1324.79', 'Line 450: Qty=54.17, RCV=$348.30', 'Line 487: Qty=121.74, RCV=$782.82', 'Line 509: Qty=149.11, RCV=$958.79', 'Line 519: Qty=85.54, RCV=$550.03']}",1015.91,1891.0999999999997,"{'total_quantity': 1015.91, 'total_rcv': 1891.0999999999997, 'occurrences_detail': ['Line 109: Qty=212.83, RCV=$340.18', 'Line 128: Qty=10.29, RCV=$16.45', 'Line 142: Qty=13.27, RCV=$21.22', 'Line 203: Qty=184.47, RCV=$294.86', 'Line 213: Qty=6.0, RCV=$9.59', 'Line 228: Qty=58.0, RCV=$359.97', 'Line 242: Qty=54.17, RCV=$86.58', 'Line 298: Qty=206.03, RCV=$329.31', 'Line 381: Qty=121.74, RCV=$194.60', 'Line 395: Qty=149.11, RCV=$238.34']}",334.34000000000003,5021.55,72.64290829132099,100,PERMITS & FEES,square_feet,False,False,True
Floor leveling cement - Average,418.44,1239.5800000000002,SF,"{'total_quantity': 418.44, 'total_rcv': 1239.5800000000002, 'occurrences_detail': ['Line 64: Qty=212.83, RCV=$630.48', 'Line 221: Qty=184.47, RCV=$546.47', 'Line 237: Qty=21.14, RCV=$62.63']}",1549.12,4818.56,"{'total_quantity': 1549.12, 'total_rcv': 4818.56, 'occurrences_detail': ['Line 35: Qty=288.54, RCV=$924.66', 'Line 87: Qty=170.5, RCV=$497.29', 'Line 110: Qty=212.83, RCV=$682.04', 'Line 129: Qty=10.29, RCV=$32.99', 'Line 143: Qty=13.27, RCV=$38.71', 'Line 168: Qty=35.74, RCV=$104.23', 'Line 187: Qty=50.8, RCV=$148.17', 'Line 204: Qty=184.47, RCV=$538.04', 'Line 214: Qty=6.0, RCV=$17.49', 'Line 243: Qty=54.17, RCV=$173.61', 'Line 270: Qty=45.63, RCV=$133.09', 'Line 299: Qty=206.03, RCV=$660.26', 'Line 382: Qty=121.74, RCV=$390.14', 'Line 396: Qty=149.11, RCV=$477.84']}",-1130.6799999999998,-3578.9800000000005,-288.7252133787251,100,ACCESSORIES - MOBILE HOME,square_feet,False,False,True
Snaplock Laminate - simulated wood,1276.71,14003.65,SF,"{'total_quantity': 1276.71, 'total_rcv': 14003.65, 'occurrences_detail': ['Line 65: Qty=212.83, RCV=$2334.42', 'Line 84: Qty=10.29, RCV=$112.87', 'Line 149: Qty=13.27, RCV=$145.55', 'Line 196: Qty=291.66, RCV=$3199.09', 'Line 222: Qty=184.47, RCV=$2023.38', 'Line 238: Qty=33.14, RCV=$363.50', 'Line 427: Qty=206.03, RCV=$2259.85', 'Line 451: Qty=54.17, RCV=$594.18', 'Line 488: Qty=121.74, RCV=$1335.30', 'Line 510: Qty=149.11, RCV=$1635.51']}",1055.98,11411.41,"{'total_quantity': 1055.98, 'total_rcv': 11411.41, 'occurrences_detail': ['Line 33: Qty=288.54, RCV=$3118.10', 'Line 108: Qty=212.83, RCV=$2299.94', 'Line 127: Qty=10.29, RCV=$111.20', 'Line 141: Qty=13.27, RCV=$143.41', 'Line 241: Qty=54.17, RCV=$585.39', 'Line 297: Qty=206.03, RCV=$2226.45', 'Line 380: Qty=121.74, RCV=$1315.57', 'Line 394: Qty=149.11, RCV=$1611.35']}",220.73000000000002,2592.24,18.51117387252609,100,FLOOR COVERING,square_feet,False,False,True
R&R Fireplace mantel - paint grade -,1.0,1821.89,EA,"{'total_quantity': 1.0, 'total_rcv': 1821.89, 'occurrences_detail': ['Line 66: Qty=1.0, RCV=$1821.89']}",1.0,727.49,"{'total_quantity': 1.0, 'total_rcv': 727.49, 'occurrences_detail': ['Line 116: Qty=1.0, RCV=$727.49']}",0.0,1094.4,60.06948827865568,100,PAINTING,each,False,False,True
Seal & paint fireplace mantel,12.0,82.17,LF,"{'total_quantity': 12.0, 'total_rcv': 82.17, 'occurrences_detail': ['Line 67: Qty=12.0, RCV=$82.17']}",12.0,80.51,"{'total_quantity': 12.0, 'total_rcv': 80.51, 'occurrences_detail': ['Line 117: Qty=12.0, RCV=$80.51']}",0.0,1.6599999999999966,2.020202020202016,100,PAINTING,linear_feet,False,False,False
"R&R Casing - 2 1/4""",119.0,494.91,LF,"{'total_quantity': 119.0, 'total_rcv': 494.91, 'occurrences_detail': ['Line 75: Qty=51.0, RCV=$212.08', 'Line 99: Qty=17.0, RCV=$70.71', 'Line 126: Qty=34.0, RCV=$141.41', 'Line 159: Qty=17.0, RCV=$70.71']}",293.5,1165.37,"{'total_quantity': 293.5, 'total_rcv': 1165.37, 'occurrences_detail': ['Line 123: Qty=51.0, RCV=$195.07', 'Line 139: Qty=17.0, RCV=$65.04', 'Line 178: Qty=34.0, RCV=$130.07', 'Line 236: Qty=68.0, RCV=$260.10', 'Line 259: Qty=17.0, RCV=$65.04', 'Line 316: Qty=17.0, RCV=$65.04', 'Line 337: Qty=34.0, RCV=$130.07', 'Line 359: Qty=17.0, RCV=$65.04', 'Line 413: Qty=38.5, RCV=$189.90']}",-174.5,-670.4599999999998,-135.47109575478365,100,FINISH CARPENTRY,linear_feet,False,False,True
Paint door slab only - 2 coats (per side),3.0,155.58,EA,"{'total_quantity': 3.0, 'total_rcv': 155.58, 'occurrences_detail': ['Line 77: Qty=3.0, RCV=$155.58']}",22.0,1109.6599999999999,"{'total_quantity': 22.0, 'total_rcv': 1109.6599999999999, 'occurrences_detail': ['Line 126: Qty=6.0, RCV=$302.63', 'Line 138: Qty=2.0, RCV=$100.87', 'Line 181: Qty=2.0, RCV=$100.87', 'Line 238: Qty=8.0, RCV=$403.53', 'Line 339: Qty=4.0, RCV=$201.76']}",-19.0,-954.0799999999998,-613.240776449415,93,PAINTING,each,False,False,True
Floor leveling cement - Light,350.96000000000004,864.19,SF,"{'total_quantity': 350.96000000000004, 'total_rcv': 864.19, 'occurrences_detail': ['Line 83: Qty=10.29, RCV=$25.33', 'Line 110: Qty=35.74, RCV=$88.00', 'Line 148: Qty=13.27, RCV=$32.67', 'Line 195: Qty=291.66, RCV=$718.19']}",,,,,,,0,ACCESSORIES - MOBILE HOME,square_feet,False,False,False
Detach & Reset Light bar - 8 lights,1.0,159.09,EA,"{'total_quantity': 1.0, 'total_rcv': 159.09, 'occurrences_detail': ['Line 86: Qty=1.0, RCV=$159.09']}",3.0,327.09999999999997,"{'total_quantity': 3.0, 'total_rcv': 327.09999999999997, 'occurrences_detail': ['Line 149: Qty=1.0, RCV=$156.68', 'Line 247: Qty=1.0, RCV=$85.21', 'Line 328: Qty=1.0, RCV=$85.21']}",-2.0,-168.00999999999996,-105.60688918222387,100,ELECTRICAL,each,False,False,True
Detach & Reset Heat/AC register -,8.0,151.52,EA,"{'total_quantity': 8.0, 'total_rcv': 151.52, 'occurrences_detail': ['Line 87: Qty=1.0, RCV=$18.94', 'Line 302: Qty=1.0, RCV=$18.94', 'Line 348: Qty=1.0, RCV=$18.94', 'Line 370: Qty=1.0, RCV=$18.94', 'Line 396: Qty=1.0, RCV=$18.94', 'Line 434: Qty=1.0, RCV=$18.94', 'Line 472: Qty=1.0, RCV=$18.94', 'Line 494: Qty=1.0, RCV=$18.94']}",4.0,68.2,"{'total_quantity': 4.0, 'total_rcv': 68.2, 'occurrences_detail': ['Line 1: Qty=1.0, RCV=$17.05', 'Line 150: Qty=1.0, RCV=$17.05', 'Line 201: Qty=1.0, RCV=$17.05', 'Line 327: Qty=1.0, RCV=$17.05']}",4.0,83.32000000000001,54.98944033790919,100,HVAC,each,False,False,True
Detach & Reset Mirror - framed,27.75,280.06,SF,"{'total_quantity': 27.75, 'total_rcv': 280.06, 'occurrences_detail': ['Line 89: Qty=5.0, RCV=$50.47', 'Line 202: Qty=22.75, RCV=$229.59']}",27.75,275.06,"{'total_quantity': 27.75, 'total_rcv': 275.06, 'occurrences_detail': ['Line 158: Qty=5.0, RCV=$49.56', 'Line 200: Qty=22.75, RCV=$225.50']}",0.0,5.0,1.785331714632579,100,STEEL COMPONENTS,square_feet,False,False,False
Towel bar - Detach & reset,1.0,27.64,EA,"{'total_quantity': 1.0, 'total_rcv': 27.64, 'occurrences_detail': ['Line 90: Qty=1.0, RCV=$27.64']}",2.0,54.24,"{'total_quantity': 2.0, 'total_rcv': 54.24, 'occurrences_detail': ['Line 160: Qty=1.0, RCV=$27.12', 'Line 251: Qty=1.0, RCV=$27.12']}",-1.0,-26.6,-96.23733719247468,100,HVAC,each,False,False,True
Toilet paper holder - Detach & reset,2.0,58.34,EA,"{'total_quantity': 2.0, 'total_rcv': 58.34, 'occurrences_detail': ['Line 91: Qty=1.0, RCV=$29.17', 'Line 372: Qty=1.0, RCV=$29.17']}",1.0,28.64,"{'total_quantity': 1.0, 'total_rcv': 28.64, 'occurrences_detail': ['Line 252: Qty=1.0, RCV=$28.64']}",1.0,29.700000000000003,50.908467603702434,100,OFFICE SUPPLIES,each,False,False,True
Window blind - horizontal or vertical -,8.0,449.56,EA,"{'total_quantity': 8.0, 'total_rcv': 449.56, 'occurrences_detail': ['Line 92: Qty=1.0, RCV=$56.19', 'Line 172: Qty=3.0, RCV=$168.59', 'Line 306: Qty=2.0, RCV=$112.40', 'Line 474: Qty=1.0, RCV=$56.19', 'Line 497: Qty=1.0, RCV=$56.19']}",10.5,579.04,"{'total_quantity': 10.5, 'total_rcv': 579.04, 'occurrences_detail': ['Line 21: Qty=3.0, RCV=$165.43', 'Line 159: Qty=0.5, RCV=$27.58', 'Line 192: Qty=1.0, RCV=$55.15', 'Line 253: Qty=1.0, RCV=$55.15', 'Line 281: Qty=1.0, RCV=$55.15', 'Line 335: Qty=2.0, RCV=$110.28', 'Line 374: Qty=1.0, RCV=$55.15', 'Line 389: Qty=1.0, RCV=$55.15']}",-2.5,-129.47999999999996,-28.80149479491057,100,WINDOWS,each,False,False,True
Interior door - Detach & reset - slab,5.0,156.8,EA,"{'total_quantity': 5.0, 'total_rcv': 156.8, 'occurrences_detail': ['Line 101: Qty=1.0, RCV=$31.36', 'Line 143: Qty=1.0, RCV=$31.36', 'Line 212: Qty=1.0, RCV=$31.36', 'Line 213: Qty=1.0, RCV=$31.36', 'Line 420: Qty=1.0, RCV=$31.36']}",10.0,306.88,"{'total_quantity': 10.0, 'total_rcv': 306.88, 'occurrences_detail': ['Line 125: Qty=3.0, RCV=$92.05', 'Line 137: Qty=1.0, RCV=$30.69', 'Line 180: Qty=1.0, RCV=$30.69', 'Line 261: Qty=1.0, RCV=$30.69', 'Line 293: Qty=1.0, RCV=$30.69', 'Line 361: Qty=1.0, RCV=$30.69', 'Line 377: Qty=1.0, RCV=$30.69', 'Line 391: Qty=1.0, RCV=$30.69']}",-5.0,-150.07999999999998,-95.7142857142857,100,CONCRETE & ASPHALT,each,False,False,True
Paint door slab only - 2 coats (per,25.0,1296.49,EA,"{'total_quantity': 25.0, 'total_rcv': 1296.49, 'occurrences_detail': ['Line 103: Qty=1.0, RCV=$51.86', 'Line 129: Qty=2.0, RCV=$103.72', 'Line 145: Qty=1.0, RCV=$51.86', 'Line 163: Qty=2.0, RCV=$103.72', 'Line 215: Qty=2.0, RCV=$103.72', 'Line 234: Qty=2.0, RCV=$103.72', 'Line 359: Qty=2.0, RCV=$103.72', 'Line 382: Qty=2.0, RCV=$103.72', 'Line 423: Qty=2.0, RCV=$103.72', 'Line 443: Qty=4.0, RCV=$207.43', 'Line 454: Qty=2.0, RCV=$103.72', 'Line 484: Qty=1.0, RCV=$51.86', 'Line 505: Qty=2.0, RCV=$103.72']}",22.0,1109.6599999999999,"{'total_quantity': 22.0, 'total_rcv': 1109.6599999999999, 'occurrences_detail': ['Line 126: Qty=6.0, RCV=$302.63', 'Line 138: Qty=2.0, RCV=$100.87', 'Line 181: Qty=2.0, RCV=$100.87', 'Line 238: Qty=8.0, RCV=$403.53', 'Line 339: Qty=4.0, RCV=$201.76']}",3.0,186.83000000000015,14.410446667540832,100,PAINTING,each,False,False,True
Toilet - Detach & reset,3.0,910.9499999999999,EA,"{'total_quantity': 3.0, 'total_rcv': 910.9499999999999, 'occurrences_detail': ['Line 104: Qty=1.0, RCV=$303.65', 'Line 384: Qty=1.0, RCV=$303.65', 'Line 455: Qty=1.0, RCV=$303.65']}",1.0,285.51,"{'total_quantity': 1.0, 'total_rcv': 285.51, 'occurrences_detail': ['Line 161: Qty=1.0, RCV=$285.51']}",2.0,625.4399999999999,68.65799440144905,100,PLUMBING,each,False,False,True
Pedestal sink - Reset,1.0,210.47,EA,"{'total_quantity': 1.0, 'total_rcv': 210.47, 'occurrences_detail': ['Line 105: Qty=1.0, RCV=$210.47']}",1.0,198.34,"{'total_quantity': 1.0, 'total_rcv': 198.34, 'occurrences_detail': ['Line 162: Qty=1.0, RCV=$198.34']}",0.0,12.129999999999995,5.763291680524539,100,OFFICE SUPPLIES,each,False,False,True
R&R Plumbing fixture supply line,13.0,432.67999999999995,EA,"{'total_quantity': 13.0, 'total_rcv': 432.67999999999995, 'occurrences_detail': ['Line 106: Qty=3.0, RCV=$99.85', 'Line 273: Qty=2.0, RCV=$66.55', 'Line 323: Qty=4.0, RCV=$133.13', 'Line 385: Qty=1.0, RCV=$33.30', 'Line 458: Qty=3.0, RCV=$99.85']}",11.0,265.95,"{'total_quantity': 11.0, 'total_rcv': 265.95, 'occurrences_detail': ['Line 165: Qty=3.0, RCV=$72.53', 'Line 269: Qty=3.0, RCV=$72.53', 'Line 342: Qty=4.0, RCV=$96.71', 'Line 364: Qty=1.0, RCV=$24.18']}",2.0,166.72999999999996,38.53425164093556,93,PLUMBING,each,False,False,True
R&R Angle stop valve,13.0,664.67,EA,"{'total_quantity': 13.0, 'total_rcv': 664.67, 'occurrences_detail': ['Line 107: Qty=3.0, RCV=$153.38', 'Line 274: Qty=2.0, RCV=$102.25', 'Line 324: Qty=4.0, RCV=$204.53', 'Line 386: Qty=1.0, RCV=$51.13', 'Line 459: Qty=3.0, RCV=$153.38']}",13.0,533.61,"{'total_quantity': 13.0, 'total_rcv': 533.61, 'occurrences_detail': ['Line 67: Qty=2.0, RCV=$82.09', 'Line 166: Qty=3.0, RCV=$123.14', 'Line 266: Qty=3.0, RCV=$123.14', 'Line 343: Qty=4.0, RCV=$164.19', 'Line 363: Qty=1.0, RCV=$41.05']}",0.0,131.05999999999995,19.718055576451466,89,PLUMBING,each,False,False,True
R&R Tile floor covering - High grade,35.74,714.27,SF,"{'total_quantity': 35.74, 'total_rcv': 714.27, 'occurrences_detail': ['Line 109: Qty=35.74, RCV=$714.27']}",655.0,10315.38,"{'total_quantity': 655.0, 'total_rcv': 10315.38, 'occurrences_detail': ['Line 86: Qty=163.9, RCV=$2581.20', 'Line 167: Qty=35.74, RCV=$562.86', 'Line 186: Qty=50.8, RCV=$800.03', 'Line 202: Qty=184.47, RCV=$2905.16', 'Line 212: Qty=6.0, RCV=$94.49', 'Line 271: Qty=45.63, RCV=$718.62', 'Line 321: Qty=38.72, RCV=$609.79', 'Line 348: Qty=104.21, RCV=$1641.17', 'Line 366: Qty=25.53, RCV=$402.06']}",-619.26,-9601.109999999999,-1344.1849720693854,94,FLOOR COVERING,square_feet,False,False,True
Grout sealer,496.36999999999995,694.76,SF,"{'total_quantity': 496.36999999999995, 'total_rcv': 694.76, 'occurrences_detail': ['Line 111: Qty=35.74, RCV=$50.03', 'Line 170: Qty=83.57, RCV=$116.98', 'Line 290: Qty=159.68, RCV=$223.49', 'Line 344: Qty=104.21, RCV=$145.85', 'Line 364: Qty=38.72, RCV=$54.19', 'Line 390: Qty=16.53, RCV=$23.14', 'Line 466: Qty=57.92, RCV=$81.08']}",455.53,636.1,"{'total_quantity': 455.53, 'total_rcv': 636.1, 'occurrences_detail': ['Line 88: Qty=163.9, RCV=$228.88', 'Line 169: Qty=35.74, RCV=$49.91', 'Line 188: Qty=50.8, RCV=$70.93', 'Line 272: Qty=45.63, RCV=$63.72', 'Line 322: Qty=38.72, RCV=$54.07', 'Line 349: Qty=104.21, RCV=$145.51', 'Line 367: Qty=16.53, RCV=$23.08']}",40.839999999999975,58.65999999999997,8.443203408371232,100,FLOOR COVERING,square_feet,False,False,True
R&R Mortar bed for tile floors,195.42000000000002,1578.4,SF,"{'total_quantity': 195.42000000000002, 'total_rcv': 1578.4, 'occurrences_detail': ['Line 112: Qty=35.74, RCV=$288.66', 'Line 300: Qty=159.68, RCV=$1289.74']}",,,,,,,0,FLOOR COVERING,square_feet,False,False,False
Detach & Reset Light fixture,5.0,432.65000000000003,EA,"{'total_quantity': 5.0, 'total_rcv': 432.65000000000003, 'occurrences_detail': ['Line 116: Qty=2.0, RCV=$173.06', 'Line 346: Qty=1.0, RCV=$86.53', 'Line 432: Qty=2.0, RCV=$173.06']}",2.0,170.42,"{'total_quantity': 2.0, 'total_rcv': 170.42, 'occurrences_detail': ['Line 230: Qty=2.0, RCV=$170.42']}",3.0,262.23,60.61019299664856,100,ELECTRICAL,each,False,False,True
Ventilation fan - Detach & reset*,1.0,94.07,EA,"{'total_quantity': 1.0, 'total_rcv': 94.07, 'occurrences_detail': ['Line 117: Qty=1.0, RCV=$94.07']}",,,,,,,0,ROOFING,each,False,False,False
Washing machine - Remove & reset*,1.0,69.76,EA,"{'total_quantity': 1.0, 'total_rcv': 69.76, 'occurrences_detail': ['Line 118: Qty=1.0, RCV=$69.76']}",,,,,,,0,CLEANING,each,False,False,False
Dryer - Remove & reset - gas,1.0,170.38,EA,"{'total_quantity': 1.0, 'total_rcv': 170.38, 'occurrences_detail': ['Line 119: Qty=1.0, RCV=$170.38']}",,,,,,,0,WATER EXTRACTION,each,False,False,False
Mask the walls per square foot -,4531.55,1501.6799999999998,SF,"{'total_quantity': 4531.55, 'total_rcv': 1501.6799999999998, 'occurrences_detail': ['Line 125: Qty=209.61, RCV=$69.46', 'Line 158: Qty=341.05, RCV=$113.02', 'Line 186: Qty=683.34, RCV=$226.44', 'Line 209: Qty=472.89, RCV=$156.71', 'Line 232: Qty=142.75, RCV=$47.30', 'Line 246: Qty=106.0, RCV=$35.13', 'Line 256: Qty=309.94, RCV=$102.71', 'Line 313: Qty=461.41, RCV=$152.90', 'Line 378: Qty=120.67, RCV=$39.98', 'Line 412: Qty=480.87, RCV=$159.35', 'Line 440: Qty=158.53, RCV=$52.53', 'Line 478: Qty=393.33, RCV=$130.34', 'Line 501: Qty=399.11, RCV=$132.27', 'Line 517: Qty=252.05, RCV=$83.54']}",,,,,,,0,PAINTING,square_feet,False,False,False
R&R Interior door - Colonist - slab,1.0,237.29,EA,"{'total_quantity': 1.0, 'total_rcv': 237.29, 'occurrences_detail': ['Line 128: Qty=1.0, RCV=$237.29']}",,,,,,,0,CONCRETE & ASPHALT,each,False,False,False
"R&R Baseboard - 2 1/4""",76.67,383.32,LF,"{'total_quantity': 76.67, 'total_rcv': 383.32, 'occurrences_detail': ['Line 130: Qty=25.5, RCV=$127.48', 'Line 166: Qty=15.0, RCV=$74.99', 'Line 263: Qty=36.17, RCV=$180.85']}",392.07000000000005,1601.9399999999998,"{'total_quantity': 392.07000000000005, 'total_rcv': 1601.9399999999998, 'occurrences_detail': ['Line 14: Qty=17.0, RCV=$69.46', 'Line 36: Qty=75.25, RCV=$307.46', 'Line 89: Qty=11.66, RCV=$47.64', 'Line 111: Qty=41.33, RCV=$168.86', 'Line 130: Qty=2.33, RCV=$9.52', 'Line 144: Qty=24.25, RCV=$99.09', 'Line 170: Qty=24.25, RCV=$99.09', 'Line 189: Qty=25.5, RCV=$104.19', 'Line 205: Qty=49.5, RCV=$202.26', 'Line 244: Qty=22.0, RCV=$89.88', 'Line 383: Qty=49.0, RCV=$200.20', 'Line 397: Qty=50.0, RCV=$204.29']}",-315.40000000000003,-1218.62,-317.9119273713868,88,FINISH CARPENTRY,linear_feet,False,False,True
R&R Custom cabinets - wall units -,7.0,3202.77,LF,"{'total_quantity': 7.0, 'total_rcv': 3202.77, 'occurrences_detail': ['Line 132: Qty=3.58, RCV=$1637.98', 'Line 446: Qty=3.42, RCV=$1564.79']}",6.0,2100.0,"{'total_quantity': 6.0, 'total_rcv': 2100.0, 'occurrences_detail': ['Line 73: Qty=6.0, RCV=$2100.00']}",1.0,1102.77,34.43175750990549,87,PAINTING,linear_feet,False,False,True
Custom cabinets - base units - High,24.92,14523.44,LF,"{'total_quantity': 24.92, 'total_rcv': 14523.44, 'occurrences_detail': ['Line 133: Qty=3.58, RCV=$2086.43', 'Line 278: Qty=17.92, RCV=$10443.82', 'Line 447: Qty=3.42, RCV=$1993.19']}",21.340000000000003,12026.9,"{'total_quantity': 21.340000000000003, 'total_rcv': 12026.9, 'occurrences_detail': ['Line 75: Qty=17.92, RCV=$10099.43', 'Line 240: Qty=3.42, RCV=$1927.47']}",3.5799999999999983,2496.540000000001,17.189729155076215,100,SPECIALTY ITEMS,linear_feet,False,False,True
Add for prefinished crown molding,28.42,403.92,LF,"{'total_quantity': 28.42, 'total_rcv': 403.92, 'occurrences_detail': ['Line 134: Qty=3.58, RCV=$50.88', 'Line 279: Qty=21.42, RCV=$304.43', 'Line 448: Qty=3.42, RCV=$48.61']}",3.58,45.19,"{'total_quantity': 3.58, 'total_rcv': 45.19, 'occurrences_detail': ['Line 184: Qty=3.58, RCV=$45.19']}",24.840000000000003,358.73,88.81214101802337,100,PAINTING,linear_feet,False,False,True
Seal the walls w/PVA primer - one,1916.41,1485.95,SF,"{'total_quantity': 1916.41, 'total_rcv': 1485.95, 'occurrences_detail': ['Line 139: Qty=57.89, RCV=$44.91', 'Line 156: Qty=341.05, RCV=$264.45', 'Line 184: Qty=683.34, RCV=$529.84', 'Line 311: Qty=461.41, RCV=$357.76', 'Line 376: Qty=120.67, RCV=$93.55', 'Line 515: Qty=252.05, RCV=$195.44']}",,,,,,,0,PAINTING,square_feet,False,False,False
Paint the walls - two coats,1664.3600000000001,2278.37,SF,"{'total_quantity': 1664.3600000000001, 'total_rcv': 2278.37, 'occurrences_detail': ['Line 140: Qty=57.89, RCV=$79.26', 'Line 157: Qty=341.05, RCV=$466.88', 'Line 185: Qty=683.34, RCV=$935.42', 'Line 312: Qty=461.41, RCV=$631.64', 'Line 377: Qty=120.67, RCV=$165.17']}",,,,,,,0,PAINTING,square_feet,False,False,False
Interior window shutters (set) -,1.0,62.3,EA,"{'total_quantity': 1.0, 'total_rcv': 62.3, 'occurrences_detail': ['Line 151: Qty=1.0, RCV=$62.30']}",1.0,61.12,"{'total_quantity': 1.0, 'total_rcv': 61.12, 'occurrences_detail': ['Line 12: Qty=1.0, RCV=$61.12']}",0.0,1.1799999999999997,1.8940609951845904,89,WINDOWS,each,False,False,False
Exterior door - Detach & reset,1.0,201.39,EA,"{'total_quantity': 1.0, 'total_rcv': 201.39, 'occurrences_detail': ['Line 161: Qty=1.0, RCV=$201.39']}",1.0,112.73,"{'total_quantity': 1.0, 'total_rcv': 112.73, 'occurrences_detail': ['Line 318: Qty=1.0, RCV=$112.73']}",0.0,88.65999999999998,44.024032970852566,92,SIDING,each,False,False,True
Seal & paint window shutters - per set,1.0,44.25,EA,"{'total_quantity': 1.0, 'total_rcv': 44.25, 'occurrences_detail': ['Line 164: Qty=1.0, RCV=$44.25']}",,,,,,,0,PAINTING,each,False,False,False
Tile floor covering - High grade,460.62999999999994,7365.349999999999,SF,"{'total_quantity': 460.62999999999994, 'total_rcv': 7365.349999999999, 'occurrences_detail': ['Line 168: Qty=83.57, RCV=$1336.26', 'Line 288: Qty=159.68, RCV=$2553.23', 'Line 343: Qty=104.21, RCV=$1666.29', 'Line 363: Qty=38.72, RCV=$619.13', 'Line 389: Qty=16.53, RCV=$264.32', 'Line 465: Qty=57.92, RCV=$926.12']}",655.0,10315.38,"{'total_quantity': 655.0, 'total_rcv': 10315.38, 'occurrences_detail': ['Line 86: Qty=163.9, RCV=$2581.20', 'Line 167: Qty=35.74, RCV=$562.86', 'Line 186: Qty=50.8, RCV=$800.03', 'Line 202: Qty=184.47, RCV=$2905.16', 'Line 212: Qty=6.0, RCV=$94.49', 'Line 271: Qty=45.63, RCV=$718.62', 'Line 321: Qty=38.72, RCV=$609.79', 'Line 348: Qty=104.21, RCV=$1641.17', 'Line 366: Qty=25.53, RCV=$402.06']}",-194.37000000000006,-2950.0299999999997,-40.05281486962602,100,FLOOR COVERING,square_feet,False,False,True
Mortar bed for tile,271.53999999999996,2185.55,SF,"{'total_quantity': 271.53999999999996, 'total_rcv': 2185.55, 'occurrences_detail': ['Line 169: Qty=83.57, RCV=$672.63', 'Line 283: Qty=28.29, RCV=$227.69', 'Line 289: Qty=159.68, RCV=$1285.23']}",,,,,,,0,FLOOR COVERING,square_feet,False,False,False
Remove Security system - motion,1.0,36.15,EA,"{'total_quantity': 1.0, 'total_rcv': 36.15, 'occurrences_detail': ['Line 173: Qty=1.0, RCV=$36.15']}",1.0,34.7,"{'total_quantity': 1.0, 'total_rcv': 34.7, 'occurrences_detail': ['Line 31: Qty=1.0, RCV=$34.70']}",0.0,1.4499999999999957,4.011065006915618,100,SAFETY & SECURITY,each,False,False,False
Install Security system - motion,1.0,131.39,EA,"{'total_quantity': 1.0, 'total_rcv': 131.39, 'occurrences_detail': ['Line 174: Qty=1.0, RCV=$131.39']}",1.0,129.38,"{'total_quantity': 1.0, 'total_rcv': 129.38, 'occurrences_detail': ['Line 32: Qty=1.0, RCV=$129.38']}",0.0,2.009999999999991,1.529796788187831,100,SAFETY & SECURITY,each,False,False,False
TV Brackets - Wall or ceiling,4.0,282.2,EA,"{'total_quantity': 4.0, 'total_rcv': 282.2, 'occurrences_detail': ['Line 175: Qty=1.0, RCV=$70.55', 'Line 398: Qty=1.0, RCV=$70.55', 'Line 473: Qty=1.0, RCV=$70.55', 'Line 496: Qty=1.0, RCV=$70.55']}",2.0,138.52,"{'total_quantity': 2.0, 'total_rcv': 138.52, 'occurrences_detail': ['Line 280: Qty=1.0, RCV=$69.26', 'Line 372: Qty=1.0, RCV=$69.26']}",2.0,143.67999999999998,50.91424521615875,100,PAINTING,each,False,False,True
R&R Switch,2.0,66.91,EA,"{'total_quantity': 2.0, 'total_rcv': 66.91, 'occurrences_detail': ['Line 178: Qty=2.0, RCV=$66.91']}",,,,,,,0,ELECTRICAL,each,False,False,False
"Batt insulation - 4"" - R13 - paper / foil",435.75,586.02,SF,"{'total_quantity': 435.75, 'total_rcv': 586.02, 'occurrences_detail': ['Line 180: Qty=136.0, RCV=$182.90', 'Line 203: Qty=59.33, RCV=$79.80', 'Line 307: Qty=138.42, RCV=$186.15', 'Line 350: Qty=22.67, RCV=$30.48', 'Line 405: Qty=79.33, RCV=$106.69']}",,,,,,,0,OFFICE SUPPLIES,square_feet,False,False,False
Paint door or window opening - 2,13.0,553.14,EA,"{'total_quantity': 13.0, 'total_rcv': 553.14, 'occurrences_detail': ['Line 189: Qty=8.0, RCV=$340.40', 'Line 262: Qty=1.0, RCV=$42.56', 'Line 314: Qty=2.0, RCV=$85.09', 'Line 482: Qty=2.0, RCV=$85.09']}",26.0,1079.35,"{'total_quantity': 26.0, 'total_rcv': 1079.35, 'occurrences_detail': ['Line 107: Qty=4.0, RCV=$166.06', 'Line 155: Qty=1.0, RCV=$41.51', 'Line 262: Qty=12.0, RCV=$498.17', 'Line 296: Qty=1.0, RCV=$41.51', 'Line 319: Qty=1.0, RCV=$41.51', 'Line 340: Qty=3.0, RCV=$124.55', 'Line 378: Qty=2.0, RCV=$83.02', 'Line 393: Qty=2.0, RCV=$83.02']}",-13.0,-526.2099999999999,-95.13143146400549,100,OFFICE SUPPLIES,each,False,False,True
Detach & Reset Ceiling fan & light,4.0,1232.64,EA,"{'total_quantity': 4.0, 'total_rcv': 1232.64, 'occurrences_detail': ['Line 198: Qty=1.0, RCV=$308.16', 'Line 394: Qty=1.0, RCV=$308.16', 'Line 470: Qty=1.0, RCV=$308.16', 'Line 492: Qty=1.0, RCV=$308.16']}",,,,,,,0,PAINTING,each,False,False,False
Smoke detector - Detach & reset,6.0,502.61999999999995,EA,"{'total_quantity': 6.0, 'total_rcv': 502.61999999999995, 'occurrences_detail': ['Line 199: Qty=1.0, RCV=$83.77', 'Line 347: Qty=1.0, RCV=$83.77', 'Line 395: Qty=1.0, RCV=$83.77', 'Line 433: Qty=1.0, RCV=$83.77', 'Line 471: Qty=1.0, RCV=$83.77', 'Line 493: Qty=1.0, RCV=$83.77']}",4.0,330.08,"{'total_quantity': 4.0, 'total_rcv': 330.08, 'occurrences_detail': ['Line 231: Qty=1.0, RCV=$82.52', 'Line 278: Qty=1.0, RCV=$82.52', 'Line 373: Qty=1.0, RCV=$82.52', 'Line 388: Qty=1.0, RCV=$82.52']}",2.0,172.53999999999996,34.32812064780549,100,HVAC,each,False,False,True
Prime & paint heat register,4.0,55.72,EA,"{'total_quantity': 4.0, 'total_rcv': 55.72, 'occurrences_detail': ['Line 201: Qty=1.0, RCV=$13.93', 'Line 303: Qty=1.0, RCV=$13.93', 'Line 349: Qty=1.0, RCV=$13.93', 'Line 371: Qty=1.0, RCV=$13.93']}",,,,,,,0,PAINTING,each,False,False,False
Caulking - silicone,116.0,388.59000000000003,LF,"{'total_quantity': 116.0, 'total_rcv': 388.59000000000003, 'occurrences_detail': ['Line 218: Qty=36.0, RCV=$120.59', 'Line 317: Qty=36.0, RCV=$120.59', 'Line 340: Qty=44.0, RCV=$147.41']}",,,,,,,0,UNCATEGORIZED,linear_feet,False,False,False
Furnace - forced air - Detach & reset,1.0,920.8,EA,"{'total_quantity': 1.0, 'total_rcv': 920.8, 'occurrences_detail': ['Line 224: Qty=1.0, RCV=$920.80']}",,,,,,,0,HVAC,each,False,False,False
Water heater - Detach & reset,1.0,672.12,EA,"{'total_quantity': 1.0, 'total_rcv': 672.12, 'occurrences_detail': ['Line 225: Qty=1.0, RCV=$672.12']}",,,,,,,0,PLUMBING,each,False,False,False
R&R Water heater seismic strap kit -,1.0,97.02,EA,"{'total_quantity': 1.0, 'total_rcv': 97.02, 'occurrences_detail': ['Line 226: Qty=1.0, RCV=$97.02']}",,,,,,,0,PLUMBING,each,False,False,False
Detach & Reset Bifold door - full,1.0,25.09,EA,"{'total_quantity': 1.0, 'total_rcv': 25.09, 'occurrences_detail': ['Line 233: Qty=1.0, RCV=$25.09']}",1.0,24.96,"{'total_quantity': 1.0, 'total_rcv': 24.96, 'occurrences_detail': ['Line 209: Qty=1.0, RCV=$24.96']}",0.0,0.129999999999999,0.5181347150259028,100,DOORS,each,False,False,False
"Carpenter - Finish, Trim / Cabinet -",22.0,2329.0,HR,"{'total_quantity': 22.0, 'total_rcv': 2329.0, 'occurrences_detail': ['Line 239: Qty=6.0, RCV=$635.18', 'Line 533: Qty=16.0, RCV=$1693.82']}",,,,,,,0,OFFICE SUPPLIES,hours,False,False,False
Material allowance*,1.0,198.46,EA,"{'total_quantity': 1.0, 'total_rcv': 198.46, 'occurrences_detail': ['Line 240: Qty=1.0, RCV=$198.46']}",,,,,,,0,UNCATEGORIZED,each,False,False,False
Shelving - Detach & reset,13.25,156.5,LF,"{'total_quantity': 13.25, 'total_rcv': 156.5, 'occurrences_detail': ['Line 247: Qty=13.25, RCV=$156.50']}",13.25,153.01,"{'total_quantity': 13.25, 'total_rcv': 153.01, 'occurrences_detail': ['Line 219: Qty=13.25, RCV=$153.01']}",0.0,3.490000000000009,2.2300319488817952,100,HVAC,linear_feet,False,False,False
"Seal & paint wood shelving, 12""- 24""",0.0,0.0,LF,"{'total_quantity': 0.0, 'total_rcv': 0.0, 'occurrences_detail': ['Line 248: Qty=0.0, RCV=$0.00']}",,,,,,,0,FLOOR COVERING,linear_feet,False,False,False
Seal more than the ceiling w/PVA,441.33,342.2,SF,"{'total_quantity': 441.33, 'total_rcv': 342.2, 'occurrences_detail': ['Line 254: Qty=441.33, RCV=$342.20']}",,,,,,,0,PAINTING,square_feet,False,False,False
Paint more than the ceiling - two,441.33,604.15,SF,"{'total_quantity': 441.33, 'total_rcv': 604.15, 'occurrences_detail': ['Line 255: Qty=441.33, RCV=$604.15']}",,,,,,,0,PAINTING,square_feet,False,False,False
R&R 8-0 6-8 wood sliding patio door -,2.0,8831.26,EA,"{'total_quantity': 2.0, 'total_rcv': 8831.26, 'occurrences_detail': ['Line 257: Qty=1.0, RCV=$4415.63', 'Line 413: Qty=1.0, RCV=$4415.63']}",,,,,,,0,FLOOR COVERING,each,False,False,False
Mask French door lites (per side of,8.0,532.96,EA,"{'total_quantity': 8.0, 'total_rcv': 532.96, 'occurrences_detail': ['Line 258: Qty=4.0, RCV=$266.48', 'Line 414: Qty=4.0, RCV=$266.48']}",,,,,,,0,DOORS,each,False,False,False
"R&R Screen door - wood - 30"" - 36"" -",2.0,480.38,EA,"{'total_quantity': 2.0, 'total_rcv': 480.38, 'occurrences_detail': ['Line 260: Qty=1.0, RCV=$240.19', 'Line 417: Qty=1.0, RCV=$240.19']}",,,,,,,0,FLOOR COVERING,each,False,False,False
Sink - double basin - High grade,1.0,727.75,EA,"{'total_quantity': 1.0, 'total_rcv': 727.75, 'occurrences_detail': ['Line 265: Qty=1.0, RCV=$727.75']}",1.0,697.69,"{'total_quantity': 1.0, 'total_rcv': 697.69, 'occurrences_detail': ['Line 63: Qty=1.0, RCV=$697.69']}",0.0,30.059999999999945,4.130539333562342,100,OFFICE SUPPLIES,each,False,False,False
Sink faucet - Kitchen - High grade,1.0,497.89,EA,"{'total_quantity': 1.0, 'total_rcv': 497.89, 'occurrences_detail': ['Line 266: Qty=1.0, RCV=$497.89']}",1.0,464.47,"{'total_quantity': 1.0, 'total_rcv': 464.47, 'occurrences_detail': ['Line 65: Qty=1.0, RCV=$464.47']}",0.0,33.41999999999996,6.712326015786611,100,OFFICE SUPPLIES,each,False,False,True
Samsung 28 cu. ft. 4-Door French,1.0,2878.0,EA,"{'total_quantity': 1.0, 'total_rcv': 2878.0, 'occurrences_detail': ['Line 267: Qty=1.0, RCV=$2878.00']}",,,,,,,0,DOORS,each,False,False,False
Dishwasher*,1.0,1439.99,EA,"{'total_quantity': 1.0, 'total_rcv': 1439.99, 'occurrences_detail': ['Line 268: Qty=1.0, RCV=$1439.99']}",1.0,768.84,"{'total_quantity': 1.0, 'total_rcv': 768.84, 'occurrences_detail': ['Line 68: Qty=1.0, RCV=$768.84']}",0.0,671.15,46.60796255529552,100,CLEANING,each,False,False,True
Microwave oven - over range w/built-,1.0,1091.07,EA,"{'total_quantity': 1.0, 'total_rcv': 1091.07, 'occurrences_detail': ['Line 269: Qty=1.0, RCV=$1091.07']}",1.0,1074.21,"{'total_quantity': 1.0, 'total_rcv': 1074.21, 'occurrences_detail': ['Line 74: Qty=1.0, RCV=$1074.21']}",0.0,16.8599999999999,1.5452720723693165,100,APPLIANCES,each,False,False,False
Refrigerator/icemaker water supply,1.0,184.3,EA,"{'total_quantity': 1.0, 'total_rcv': 184.3, 'occurrences_detail': ['Line 270: Qty=1.0, RCV=$184.30']}",1.0,181.05,"{'total_quantity': 1.0, 'total_rcv': 181.05, 'occurrences_detail': ['Line 70: Qty=1.0, RCV=$181.05']}",0.0,3.25,1.7634291915355398,100,PLUMBING,each,False,False,False
Garbage disposer - High grade,1.0,409.52,EA,"{'total_quantity': 1.0, 'total_rcv': 409.52, 'occurrences_detail': ['Line 271: Qty=1.0, RCV=$409.52']}",1.0,376.68,"{'total_quantity': 1.0, 'total_rcv': 376.68, 'occurrences_detail': ['Line 71: Qty=1.0, RCV=$376.68']}",0.0,32.839999999999975,8.019144364133615,100,DUMPSTER & DEBRIS,each,False,False,True
R&R P-trap assembly - ABS (plastic),1.0,89.83,EA,"{'total_quantity': 1.0, 'total_rcv': 89.83, 'occurrences_detail': ['Line 272: Qty=1.0, RCV=$89.83']}",5.0,361.57,"{'total_quantity': 5.0, 'total_rcv': 361.57, 'occurrences_detail': ['Line 66: Qty=1.0, RCV=$72.32', 'Line 163: Qty=1.0, RCV=$72.32', 'Line 265: Qty=1.0, RCV=$72.32', 'Line 344: Qty=2.0, RCV=$144.61']}",-4.0,-271.74,-302.50473115885563,93,PLUMBING FIXTURES,each,False,False,True
Custom cabinets - full height units -,2.0,1673.4,LF,"{'total_quantity': 2.0, 'total_rcv': 1673.4, 'occurrences_detail': ['Line 275: Qty=2.0, RCV=$1673.40']}",2.0,1590.67,"{'total_quantity': 2.0, 'total_rcv': 1590.67, 'occurrences_detail': ['Line 76: Qty=2.0, RCV=$1590.67']}",0.0,82.73000000000002,4.943826939165771,100,SPECIALTY ITEMS,linear_feet,False,False,False
"Custom cabinets - wall units - 42"" tall",12.42,5533.46,LF,"{'total_quantity': 12.42, 'total_rcv': 5533.46, 'occurrences_detail': ['Line 276: Qty=12.42, RCV=$5533.46']}",19.42,7700.82,"{'total_quantity': 19.42, 'total_rcv': 7700.82, 'occurrences_detail': ['Line 72: Qty=12.42, RCV=$5266.51', 'Line 182: Qty=3.58, RCV=$984.12', 'Line 239: Qty=3.42, RCV=$1450.19']}",-7.000000000000002,-2167.3599999999997,-39.168260003686655,100,PAINTING,linear_feet,False,False,True
Custom cabinets - wall units - up to,6.0,2183.16,LF,"{'total_quantity': 6.0, 'total_rcv': 2183.16, 'occurrences_detail': ['Line 277: Qty=6.0, RCV=$2183.16']}",6.0,2100.0,"{'total_quantity': 6.0, 'total_rcv': 2100.0, 'occurrences_detail': ['Line 73: Qty=6.0, RCV=$2100.00']}",0.0,83.15999999999985,3.8091573682185396,100,PAINTING,linear_feet,False,False,False
Countertop - Granite or Marble -,35.67,3815.7,SF,"{'total_quantity': 35.67, 'total_rcv': 3815.7, 'occurrences_detail': ['Line 280: Qty=35.67, RCV=$3815.70']}",35.67,3055.78,"{'total_quantity': 35.67, 'total_rcv': 3055.78, 'occurrences_detail': ['Line 79: Qty=35.67, RCV=$3055.78']}",0.0,759.9199999999996,19.915611814345983,100,TILE,square_feet,False,False,True
Add on Granite or Marble - edge,43.0,2152.76,LF,"{'total_quantity': 43.0, 'total_rcv': 2152.76, 'occurrences_detail': ['Line 281: Qty=43.0, RCV=$2152.76']}",43.0,1228.08,"{'total_quantity': 43.0, 'total_rcv': 1228.08, 'occurrences_detail': ['Line 80: Qty=43.0, RCV=$1228.08']}",0.0,924.6800000000003,42.953232129916955,100,TILE,linear_feet,False,False,True
Ceramic/porcelain tile backsplash -,28.29,502.27,SF,"{'total_quantity': 28.29, 'total_rcv': 502.27, 'occurrences_detail': ['Line 282: Qty=28.29, RCV=$502.27']}",,,,,,,0,FLOOR COVERING,square_feet,False,False,False
Add-on for tile backsplash installation,28.29,424.69,SF,"{'total_quantity': 28.29, 'total_rcv': 424.69, 'occurrences_detail': ['Line 284: Qty=28.29, RCV=$424.69']}",28.29,418.58,"{'total_quantity': 28.29, 'total_rcv': 418.58, 'occurrences_detail': ['Line 83: Qty=28.29, RCV=$418.58']}",0.0,6.110000000000014,1.4386964609479889,100,FLOOR COVERING,square_feet,False,False,False
Add on for undermount sink cutout &,1.0,350.44,EA,"{'total_quantity': 1.0, 'total_rcv': 350.44, 'occurrences_detail': ['Line 285: Qty=1.0, RCV=$350.44']}",1.0,342.79,"{'total_quantity': 1.0, 'total_rcv': 342.79, 'occurrences_detail': ['Line 81: Qty=1.0, RCV=$342.79']}",0.0,7.649999999999977,2.182969980595816,100,OFFICE SUPPLIES,each,False,False,False
Cabinet knob or pull - High grade,31.0,503.8,EA,"{'total_quantity': 31.0, 'total_rcv': 503.8, 'occurrences_detail': ['Line 286: Qty=31.0, RCV=$503.80']}",29.0,462.7,"{'total_quantity': 29.0, 'total_rcv': 462.7, 'occurrences_detail': ['Line 77: Qty=29.0, RCV=$462.70']}",2.0,41.10000000000002,8.157999206034145,100,CABINETRY,each,False,False,True
R&R Ground fault interrupter (GFI),2.0,113.12,EA,"{'total_quantity': 2.0, 'total_rcv': 113.12, 'occurrences_detail': ['Line 294: Qty=2.0, RCV=$113.12']}",2.0,95.52,"{'total_quantity': 2.0, 'total_rcv': 95.52, 'occurrences_detail': ['Line 47: Qty=2.0, RCV=$95.52']}",0.0,17.60000000000001,15.558698727015566,87,UNCATEGORIZED,each,False,False,True
R&R Recessed light fixture - High,5.0,1198.82,EA,"{'total_quantity': 5.0, 'total_rcv': 1198.82, 'occurrences_detail': ['Line 295: Qty=5.0, RCV=$1198.82']}",1.0,190.96,"{'total_quantity': 1.0, 'total_rcv': 190.96, 'occurrences_detail': ['Line 52: Qty=1.0, RCV=$190.96']}",4.0,1007.8599999999999,84.07100315310055,83,ELECTRICAL,each,False,False,True
Light fixture - High grade,1.0,151.24,EA,"{'total_quantity': 1.0, 'total_rcv': 151.24, 'occurrences_detail': ['Line 296: Qty=1.0, RCV=$151.24']}",1.0,148.95,"{'total_quantity': 1.0, 'total_rcv': 148.95, 'occurrences_detail': ['Line 50: Qty=1.0, RCV=$148.95']}",0.0,2.2900000000000205,1.5141496958476728,100,ELECTRICAL,each,False,False,False
"Detach & Reset Mirror - 1/4"" plate",23.63,238.47,SF,"{'total_quantity': 23.63, 'total_rcv': 238.47, 'occurrences_detail': ['Line 304: Qty=23.63, RCV=$238.47']}",44.629999999999995,442.38,"{'total_quantity': 44.629999999999995, 'total_rcv': 442.38, 'occurrences_detail': ['Line 250: Qty=21.0, RCV=$208.16', 'Line 333: Qty=23.63, RCV=$234.22']}",-20.999999999999996,-203.91,-85.50761102025412,83,HVAC,square_feet,False,False,True
Medicine cabinet - Detach & reset,1.0,71.77,EA,"{'total_quantity': 1.0, 'total_rcv': 71.77, 'occurrences_detail': ['Line 305: Qty=1.0, RCV=$71.77']}",2.0,140.42,"{'total_quantity': 2.0, 'total_rcv': 140.42, 'occurrences_detail': ['Line 249: Qty=1.0, RCV=$70.21', 'Line 334: Qty=1.0, RCV=$70.21']}",-1.0,-68.64999999999999,-95.65277971297199,100,CABINETRY,each,False,False,True
"R&R 5/8"" drywall - hung, taped,",191.63,907.15,SF,"{'total_quantity': 191.63, 'total_rcv': 907.15, 'occurrences_detail': ['Line 308: Qty=115.35, RCV=$546.04', 'Line 351: Qty=46.11, RCV=$218.27', 'Line 373: Qty=30.17, RCV=$142.84']}",1148.1,4007.7300000000005,"{'total_quantity': 1148.1, 'total_rcv': 4007.7300000000005, 'occurrences_detail': ['Line 24: Qty=270.77, RCV=$945.18', 'Line 40: Qty=439.78, RCV=$1535.15', 'Line 94: Qty=334.08, RCV=$1166.18', 'Line 118: Qty=4.69, RCV=$16.38', 'Line 151: Qty=49.28, RCV=$172.04', 'Line 194: Qty=49.5, RCV=$172.80']}",-956.4699999999999,-3100.5800000000004,-341.79352918480964,83,PAINTING,square_feet,False,False,True
"Baseboard - 4 1/4""",295.0,1851.56,LF,"{'total_quantity': 295.0, 'total_rcv': 1851.56, 'occurrences_detail': ['Line 315: Qty=58.33, RCV=$366.11', 'Line 365: Qty=22.67, RCV=$142.29', 'Line 391: Qty=14.67, RCV=$92.07', 'Line 429: Qty=47.5, RCV=$298.15', 'Line 444: Qty=22.0, RCV=$138.07', 'Line 467: Qty=30.83, RCV=$193.50', 'Line 489: Qty=49.0, RCV=$307.55', 'Line 511: Qty=50.0, RCV=$313.82']}",164.01,968.2800000000001,"{'total_quantity': 164.01, 'total_rcv': 968.2800000000001, 'occurrences_detail': ['Line 273: Qty=20.84, RCV=$123.04', 'Line 301: Qty=47.5, RCV=$280.43', 'Line 323: Qty=22.67, RCV=$133.84', 'Line 350: Qty=58.33, RCV=$344.37', 'Line 368: Qty=14.67, RCV=$86.60']}",130.99,883.2799999999999,47.70463825098835,100,FINISH CARPENTRY,linear_feet,False,False,True
R&R Sink faucet - Bathroom,4.0,1254.18,EA,"{'total_quantity': 4.0, 'total_rcv': 1254.18, 'occurrences_detail': ['Line 318: Qty=2.0, RCV=$627.09', 'Line 456: Qty=2.0, RCV=$627.09']}",,,,,,,0,OFFICE SUPPLIES,each,False,False,False
P-trap assembly - ABS (plastic),4.0,311.38,EA,"{'total_quantity': 4.0, 'total_rcv': 311.38, 'occurrences_detail': ['Line 319: Qty=2.0, RCV=$155.69', 'Line 457: Qty=2.0, RCV=$155.69']}",5.0,361.57,"{'total_quantity': 5.0, 'total_rcv': 361.57, 'occurrences_detail': ['Line 66: Qty=1.0, RCV=$72.32', 'Line 163: Qty=1.0, RCV=$72.32', 'Line 265: Qty=1.0, RCV=$72.32', 'Line 344: Qty=2.0, RCV=$144.61']}",-1.0,-50.19,-16.118568951120814,100,PLUMBING FIXTURES,each,False,False,True
R&R Tub/shower faucet - High grade,2.0,1081.48,EA,"{'total_quantity': 2.0, 'total_rcv': 1081.48, 'occurrences_detail': ['Line 320: Qty=1.0, RCV=$540.74', 'Line 322: Qty=1.0, RCV=$540.74']}",,,,,,,0,PLUMBING,each,False,False,False
Floor drain - tub/shower -,1.0,52.04,EA,"{'total_quantity': 1.0, 'total_rcv': 52.04, 'occurrences_detail': ['Line 321: Qty=1.0, RCV=$52.04']}",,,,,,,0,FLOOR COVERING,each,False,False,False
R&R Custom cabinets - vanity units -,12.75,6827.02,LF,"{'total_quantity': 12.75, 'total_rcv': 6827.02, 'occurrences_detail': ['Line 325: Qty=6.75, RCV=$3614.30', 'Line 460: Qty=6.0, RCV=$3212.72']}",6.75,3418.5,"{'total_quantity': 6.75, 'total_rcv': 3418.5, 'occurrences_detail': ['Line 345: Qty=6.75, RCV=$3418.50']}",6.0,3408.5200000000004,49.926908079952895,89,SPECIALTY ITEMS,linear_feet,False,False,True
R&R Countertop - solid surface -,22.310000000000002,2523.8999999999996,SF,"{'total_quantity': 22.310000000000002, 'total_rcv': 2523.8999999999996, 'occurrences_detail': ['Line 326: Qty=11.81, RCV=$1336.05', 'Line 461: Qty=10.5, RCV=$1187.85']}",,,,,,,0,CABINETRY,square_feet,False,False,False
Sink - double - solid surface material,2.0,1768.29,EA,"{'total_quantity': 2.0, 'total_rcv': 1768.29, 'occurrences_detail': ['Line 327: Qty=2.0, RCV=$1768.29']}",,,,,,,0,OFFICE SUPPLIES,each,False,False,False
Shower pan - hot mop - 17 to 30 SF,1.0,535.04,EA,"{'total_quantity': 1.0, 'total_rcv': 535.04, 'occurrences_detail': ['Line 328: Qty=1.0, RCV=$535.04']}",,,,,,,0,PLUMBING,each,False,False,False
- 15# felt*,61.0,28.34,SF,"{'total_quantity': 61.0, 'total_rcv': 28.34, 'occurrences_detail': ['Line 329: Qty=61.0, RCV=$28.34']}",,,,,,,0,UNCATEGORIZED,square_feet,False,False,False
"R&R 1/2"" Cement board",61.0,393.52,SF,"{'total_quantity': 61.0, 'total_rcv': 393.52, 'occurrences_detail': ['Line 330: Qty=61.0, RCV=$393.52']}",169.46,853.7399999999999,"{'total_quantity': 169.46, 'total_rcv': 853.7399999999999, 'occurrences_detail': ['Line 320: Qty=38.72, RCV=$195.07', 'Line 347: Qty=104.21, RCV=$525.01', 'Line 365: Qty=26.53, RCV=$133.66']}",-108.46000000000001,-460.2199999999999,-116.94958324862776,89,CONCRETE & ASPHALT,square_feet,False,False,True
R&R Tile shower - 61 to 100 SF -,1.0,3667.15,EA,"{'total_quantity': 1.0, 'total_rcv': 3667.15, 'occurrences_detail': ['Line 331: Qty=1.0, RCV=$3667.15']}",,,,,,,0,FLOOR COVERING,each,False,False,False
R&R Tile framed shower curb - per,3.42,418.72,LF,"{'total_quantity': 3.42, 'total_rcv': 418.72, 'occurrences_detail': ['Line 332: Qty=3.42, RCV=$418.72']}",,,,,,,0,FLOOR COVERING,linear_feet,False,False,False
Seal grout on tile wall,61.0,93.44,SF,"{'total_quantity': 61.0, 'total_rcv': 93.44, 'occurrences_detail': ['Line 333: Qty=61.0, RCV=$93.44']}",,,,,,,0,FLOOR COVERING,square_feet,False,False,False
R&R Custom shower door &,47.83,2226.21,SF,"{'total_quantity': 47.83, 'total_rcv': 2226.21, 'occurrences_detail': ['Line 334: Qty=47.83, RCV=$2226.21']}",,,,,,,0,PLUMBING,square_feet,False,False,False
Bathtub - Detach & reset,1.0,806.53,EA,"{'total_quantity': 1.0, 'total_rcv': 806.53, 'occurrences_detail': ['Line 335: Qty=1.0, RCV=$806.53']}",,,,,,,0,PLUMBING,each,False,False,False
Carpenter - General Framer - per hour,4.0,426.14,HR,"{'total_quantity': 4.0, 'total_rcv': 426.14, 'occurrences_detail': ['Line 336: Qty=4.0, RCV=$426.14']}",,,,,,,0,OFFICE SUPPLIES,hours,False,True,False
R&R Tile tub surround - up to 60 SF,1.0,1651.19,EA,"{'total_quantity': 1.0, 'total_rcv': 1651.19, 'occurrences_detail': ['Line 337: Qty=1.0, RCV=$1651.19']}",,,,,,,0,FLOOR COVERING,each,False,False,False
"1/2"" Cement board",199.45999999999998,1021.07,SF,"{'total_quantity': 199.45999999999998, 'total_rcv': 1021.07, 'occurrences_detail': ['Line 338: Qty=40.0, RCV=$204.76', 'Line 342: Qty=104.21, RCV=$533.48', 'Line 362: Qty=38.72, RCV=$198.22', 'Line 388: Qty=16.53, RCV=$84.61']}",169.46,853.7399999999999,"{'total_quantity': 169.46, 'total_rcv': 853.7399999999999, 'occurrences_detail': ['Line 320: Qty=38.72, RCV=$195.07', 'Line 347: Qty=104.21, RCV=$525.01', 'Line 365: Qty=26.53, RCV=$133.66']}",29.99999999999997,167.33000000000015,16.387710930690368,100,CONCRETE & ASPHALT,square_feet,False,False,True
Seal grout on tub platform and walls*,40.0,61.28,SF,"{'total_quantity': 40.0, 'total_rcv': 61.28, 'occurrences_detail': ['Line 339: Qty=40.0, RCV=$61.28']}",,,,,,,0,FLOOR COVERING,square_feet,False,False,False
Prep wall for wallpaper,184.44,154.93,SF,"{'total_quantity': 184.44, 'total_rcv': 154.93, 'occurrences_detail': ['Line 353: Qty=184.44, RCV=$154.93']}",184.44,150.5,"{'total_quantity': 184.44, 'total_rcv': 150.5, 'occurrences_detail': ['Line 308: Qty=184.44, RCV=$150.50']}",0.0,4.430000000000007,2.859355838120446,100,OFFICE SUPPLIES,square_feet,False,False,False
Remove Wallpaper - High grade,147.56,189.47,SF,"{'total_quantity': 147.56, 'total_rcv': 189.47, 'occurrences_detail': ['Line 354: Qty=147.56, RCV=$189.47']}",184.44,230.18,"{'total_quantity': 184.44, 'total_rcv': 230.18, 'occurrences_detail': ['Line 311: Qty=184.44, RCV=$230.18']}",-36.879999999999995,-40.71000000000001,-21.48625112154959,100,OFFICE SUPPLIES,square_feet,False,False,True
Wallpaper - High grade,184.44,685.12,SF,"{'total_quantity': 184.44, 'total_rcv': 685.12, 'occurrences_detail': ['Line 355: Qty=184.44, RCV=$685.12']}",184.44,656.12,"{'total_quantity': 184.44, 'total_rcv': 656.12, 'occurrences_detail': ['Line 312: Qty=184.44, RCV=$656.12']}",0.0,29.0,4.2328351237739374,100,OFFICE SUPPLIES,square_feet,False,False,False
R&R Interior door - Colonist - pre-,6.0,2634.12,EA,"{'total_quantity': 6.0, 'total_rcv': 2634.12, 'occurrences_detail': ['Line 356: Qty=1.0, RCV=$439.02', 'Line 379: Qty=1.0, RCV=$439.02', 'Line 419: Qty=1.0, RCV=$439.02', 'Line 452: Qty=1.0, RCV=$439.02', 'Line 479: Qty=1.0, RCV=$439.02', 'Line 502: Qty=1.0, RCV=$439.02']}",,,,,,,0,DOORS,each,False,False,False
Interior door - Detach & reset,4.0,460.92,EA,"{'total_quantity': 4.0, 'total_rcv': 460.92, 'occurrences_detail': ['Line 357: Qty=1.0, RCV=$115.23', 'Line 380: Qty=1.0, RCV=$115.23', 'Line 481: Qty=1.0, RCV=$115.23', 'Line 504: Qty=1.0, RCV=$115.23']}",1.0,112.73,"{'total_quantity': 1.0, 'total_rcv': 112.73, 'occurrences_detail': ['Line 318: Qty=1.0, RCV=$112.73']}",3.0,348.19,75.54239347392172,100,DOORS,each,False,False,True
Paint door/window trim & jamb - 2,12.0,510.5400000000001,EA,"{'total_quantity': 12.0, 'total_rcv': 510.5400000000001, 'occurrences_detail': ['Line 360: Qty=2.0, RCV=$85.09', 'Line 383: Qty=2.0, RCV=$85.09', 'Line 421: Qty=2.0, RCV=$85.09', 'Line 453: Qty=2.0, RCV=$85.09', 'Line 480: Qty=2.0, RCV=$85.09', 'Line 503: Qty=2.0, RCV=$85.09']}",,,,,,,0,PAINTING,each,False,False,False
Light fixture - Detach & reset,1.0,86.53,EA,"{'total_quantity': 1.0, 'total_rcv': 86.53, 'occurrences_detail': ['Line 368: Qty=1.0, RCV=$86.53']}",2.0,170.42,"{'total_quantity': 2.0, 'total_rcv': 170.42, 'occurrences_detail': ['Line 230: Qty=2.0, RCV=$170.42']}",-1.0,-83.88999999999999,-96.94903501675718,100,ELECTRICAL,each,False,False,True
Bathroom ventilation fan - Detach &,1.0,94.07,EA,"{'total_quantity': 1.0, 'total_rcv': 94.07, 'occurrences_detail': ['Line 369: Qty=1.0, RCV=$94.07']}",,,,,,,0,ROOFING,each,False,False,False
Remove Window AC unit - detach*,1.0,93.14,EA,"{'total_quantity': 1.0, 'total_rcv': 93.14, 'occurrences_detail': ['Line 399: Qty=1.0, RCV=$93.14']}",,,,,,,0,WINDOWS,each,False,False,False
Install Window AC unit - reset*,1.0,129.33,EA,"{'total_quantity': 1.0, 'total_rcv': 129.33, 'occurrences_detail': ['Line 400: Qty=1.0, RCV=$129.33']}",,,,,,,0,WINDOWS,each,False,False,False
Remove Safe - concealed wall,1.0,120.07,EA,"{'total_quantity': 1.0, 'total_rcv': 120.07, 'occurrences_detail': ['Line 401: Qty=1.0, RCV=$120.07']}",,,,,,,0,PAINTING,each,False,False,False
Install Safe - concealed wall,1.0,200.12,EA,"{'total_quantity': 1.0, 'total_rcv': 200.12, 'occurrences_detail': ['Line 402: Qty=1.0, RCV=$200.12']}",,,,,,,0,PAINTING,each,False,False,False
Window drapery - hardware - Detach,1.0,56.19,EA,"{'total_quantity': 1.0, 'total_rcv': 56.19, 'occurrences_detail': ['Line 403: Qty=1.0, RCV=$56.19']}",,,,,,,0,WINDOWS,each,False,False,False
Window drapery - remove and rehang,1.0,94.35,HR,"{'total_quantity': 1.0, 'total_rcv': 94.35, 'occurrences_detail': ['Line 404: Qty=1.0, RCV=$94.35']}",,,,,,,0,WINDOWS,hours,False,False,False
Paint chair rail - two coats,47.5,92.19,LF,"{'total_quantity': 47.5, 'total_rcv': 92.19, 'occurrences_detail': ['Line 411: Qty=47.5, RCV=$92.19']}",475.57,904.25,"{'total_quantity': 475.57, 'total_rcv': 904.25, 'occurrences_detail': ['Line 287: Qty=475.57, RCV=$904.25']}",-428.07,-812.06,-880.8547564811802,100,PAINTING,linear_feet,False,False,True
Additional charge for a retrofit,2.0,716.98,EA,"{'total_quantity': 2.0, 'total_rcv': 716.98, 'occurrences_detail': ['Line 416: Qty=2.0, RCV=$716.98']}",1.0,350.64,"{'total_quantity': 1.0, 'total_rcv': 350.64, 'occurrences_detail': ['Line 105: Qty=1.0, RCV=$350.64']}",1.0,366.34000000000003,51.09487014979498,100,UNCATEGORIZED,each,False,False,True
R&R Exterior door sidelite - sidelite,2.0,1656.3,EA,"{'total_quantity': 2.0, 'total_rcv': 1656.3, 'occurrences_detail': ['Line 418: Qty=2.0, RCV=$1656.30']}",,,,,,,0,SIDING,each,False,False,False
Material Only Bypass mirrored door,1.0,313.99,EA,"{'total_quantity': 1.0, 'total_rcv': 313.99, 'occurrences_detail': ['Line 424: Qty=1.0, RCV=$313.99']}",,,,,,,0,DOORS,each,False,False,False
R&R T- molding - for wood flooring -,4.0,53.2,LF,"{'total_quantity': 4.0, 'total_rcv': 53.2, 'occurrences_detail': ['Line 428: Qty=4.0, RCV=$53.20']}",4.0,49.92,"{'total_quantity': 4.0, 'total_rcv': 49.92, 'occurrences_detail': ['Line 300: Qty=4.0, RCV=$49.92']}",0.0,3.280000000000001,6.165413533834588,86,FLOOR COVERING,linear_feet,False,False,True
Sink - single - solid surface material,1.0,762.51,EA,"{'total_quantity': 1.0, 'total_rcv': 762.51, 'occurrences_detail': ['Line 462: Qty=1.0, RCV=$762.51']}",,,,,,,0,OFFICE SUPPLIES,each,False,False,False
Floor leveling cement - Heavy,57.92,224.77,SF,"{'total_quantity': 57.92, 'total_rcv': 224.77, 'occurrences_detail': ['Line 464: Qty=57.92, RCV=$224.77']}",,,,,,,0,ACCESSORIES - MOBILE HOME,square_feet,False,False,False
Detach & Reset Closet shelf and rod,10.91,167.05,LF,"{'total_quantity': 10.91, 'total_rcv': 167.05, 'occurrences_detail': ['Line 475: Qty=5.83, RCV=$89.27', 'Line 498: Qty=5.08, RCV=$77.78']}",10.0,149.64,"{'total_quantity': 10.0, 'total_rcv': 149.64, 'occurrences_detail': ['Line 315: Qty=10.0, RCV=$149.64']}",0.9100000000000001,17.410000000000025,10.422029332535184,100,CABINETRY,linear_feet,False,False,True
Install Bypass mirrored door set,2.0,198.14,EA,"{'total_quantity': 2.0, 'total_rcv': 198.14, 'occurrences_detail': ['Line 485: Qty=1.0, RCV=$99.07', 'Line 507: Qty=1.0, RCV=$99.07']}",,,,,,,0,DOORS,each,False,False,False
Balustrade - Detach & reset,10.33,1855.52,LF,"{'total_quantity': 10.33, 'total_rcv': 1855.52, 'occurrences_detail': ['Line 514: Qty=10.33, RCV=$1855.52']}",10.33,1814.94,"{'total_quantity': 10.33, 'total_rcv': 1814.94, 'occurrences_detail': ['Line 221: Qty=10.33, RCV=$1814.94']}",0.0,40.57999999999993,2.1869880141415847,100,HVAC,linear_feet,False,False,False
Paint the walls - two coats - 2 colors,252.05,420.66,SF,"{'total_quantity': 252.05, 'total_rcv': 420.66, 'occurrences_detail': ['Line 516: Qty=252.05, RCV=$420.66']}",,,,,,,0,PAINTING,square_feet,False,False,False
Laminate flr simulated wood - step,58.0,1602.27,LF,"{'total_quantity': 58.0, 'total_rcv': 1602.27, 'occurrences_detail': ['Line 520: Qty=58.0, RCV=$1602.27']}",58.0,1578.83,"{'total_quantity': 58.0, 'total_rcv': 1578.83, 'occurrences_detail': ['Line 227: Qty=58.0, RCV=$1578.83']}",0.0,23.440000000000055,1.4629244758998206,100,ACCESSORIES - MOBILE HOME,linear_feet,False,False,False
Stair riser - up to 4',14.0,404.84,EA,"{'total_quantity': 14.0, 'total_rcv': 404.84, 'occurrences_detail': ['Line 521: Qty=14.0, RCV=$404.84']}",,,,,,,0,STAIRS,each,False,False,False
R&R Stair nosing - for wood flooring,58.0,798.54,LF,"{'total_quantity': 58.0, 'total_rcv': 798.54, 'occurrences_detail': ['Line 522: Qty=58.0, RCV=$798.54']}",,,,,,,0,FLOOR COVERING,linear_feet,False,False,False
Seal & paint stair riser - per side - per,58.0,283.4,LF,"{'total_quantity': 58.0, 'total_rcv': 283.4, 'occurrences_detail': ['Line 523: Qty=58.0, RCV=$283.40']}",,,,,,,0,PAINTING,linear_feet,False,False,False
R&R Stair Skirt/Apron - wall side -,21.43,594.41,LF,"{'total_quantity': 21.43, 'total_rcv': 594.41, 'occurrences_detail': ['Line 524: Qty=21.43, RCV=$594.41']}",21.43,548.65,"{'total_quantity': 21.43, 'total_rcv': 548.65, 'occurrences_detail': ['Line 225: Qty=21.43, RCV=$548.65']}",0.0,45.75999999999999,7.698390000168233,100,PAINTING,linear_feet,False,False,True
Paint stair skirt/apron,21.43,165.27,LF,"{'total_quantity': 21.43, 'total_rcv': 165.27, 'occurrences_detail': ['Line 525: Qty=21.43, RCV=$165.27']}",21.43,161.76,"{'total_quantity': 21.43, 'total_rcv': 161.76, 'occurrences_detail': ['Line 226: Qty=21.43, RCV=$161.76']}",0.0,3.5100000000000193,2.123797422399721,100,PAINTING,linear_feet,False,False,False
Residential Supervision / Project,360.0,34620.48,HR,"{'total_quantity': 360.0, 'total_rcv': 34620.48, 'occurrences_detail': ['Line 526: Qty=360.0, RCV=$34620.48']}",120.0,11321.28,"{'total_quantity': 120.0, 'total_rcv': 11321.28, 'occurrences_detail': ['Line 431: Qty=120.0, RCV=$11321.28']}",240.0,23299.200000000004,67.29889360286167,100,SUPERVISION & MANAGEMENT,hours,False,False,True
Temporary toilet (per month),8.0,1968.2,MO,"{'total_quantity': 8.0, 'total_rcv': 1968.2, 'occurrences_detail': ['Line 527: Qty=8.0, RCV=$1968.20']}",6.0,1476.14,"{'total_quantity': 6.0, 'total_rcv': 1476.14, 'occurrences_detail': ['Line 419: Qty=6.0, RCV=$1476.14']}",2.0,492.05999999999995,25.000508078447307,100,PLUMBING,months,True,False,True
Temporary power usage (per month),8.0,2606.31,MO,"{'total_quantity': 8.0, 'total_rcv': 2606.31, 'occurrences_detail': ['Line 528: Qty=8.0, RCV=$2606.31']}",3.0,962.23,"{'total_quantity': 3.0, 'total_rcv': 962.23, 'occurrences_detail': ['Line 421: Qty=3.0, RCV=$962.23']}",5.0,1644.08,63.08075401621449,100,TEMPORARY ITEMS,months,True,False,True
"Dumpster load - Approx. 20 yards, 4",1.0,884.4,EA,"{'total_quantity': 1.0, 'total_rcv': 884.4, 'occurrences_detail': ['Line 529: Qty=1.0, RCV=$884.40']}",1.0,1098.0,"{'total_quantity': 1.0, 'total_rcv': 1098.0, 'occurrences_detail': ['Line 422: Qty=1.0, RCV=$1098.00']}",0.0,-213.60000000000002,-24.15196743554953,94,DUMPSTER & DEBRIS,each,False,False,True
"Dumpster load - Approx. 30 yards, 5-",1.0,1098.0,EA,"{'total_quantity': 1.0, 'total_rcv': 1098.0, 'occurrences_detail': ['Line 530: Qty=1.0, RCV=$1098.00']}",1.0,1098.0,"{'total_quantity': 1.0, 'total_rcv': 1098.0, 'occurrences_detail': ['Line 422: Qty=1.0, RCV=$1098.00']}",0.0,0.0,0.0,100,DUMPSTER & DEBRIS,each,False,False,False
Megohmmeter check electrical,1.0,1325.23,EA,"{'total_quantity': 1.0, 'total_rcv': 1325.23, 'occurrences_detail': ['Line 531: Qty=1.0, RCV=$1325.23']}",1.0,1305.55,"{'total_quantity': 1.0, 'total_rcv': 1305.55, 'occurrences_detail': ['Line 428: Qty=1.0, RCV=$1305.55']}",0.0,19.680000000000064,1.485025240901584,100,ELECTRICAL,each,False,False,False
Painter - per hour,16.0,1433.28,HR,"{'total_quantity': 16.0, 'total_rcv': 1433.28, 'occurrences_detail': ['Line 532: Qty=16.0, RCV=$1433.28']}",,,,,,,0,PAINTING,hours,False,True,False
Plumber - per hour,16.0,2217.98,HR,"{'total_quantity': 16.0, 'total_rcv': 2217.98, 'occurrences_detail': ['Line 534: Qty=16.0, RCV=$2217.98']}",,,,,,,0,PLUMBING,hours,False,True,False
Electrician - per hour,16.0,2587.0,HR,"{'total_quantity': 16.0, 'total_rcv': 2587.0, 'occurrences_detail': ['Line 535: Qty=16.0, RCV=$2587.00']}",,,,,,,0,ELECTRICAL,hours,False,True,False
HVAC Technician - per hour,8.0,1012.9,HR,"{'total_quantity': 8.0, 'total_rcv': 1012.9, 'occurrences_detail': ['Line 536: Qty=8.0, RCV=$1012.90']}",,,,,,,0,HVAC,hours,False,True,False
Finish Carpenter - per hour,16.0,1693.82,HR,"{'total_quantity': 16.0, 'total_rcv': 1693.82, 'occurrences_detail': ['Line 537: Qty=16.0, RCV=$1693.82']}",,,,,,,0,OFFICE SUPPLIES,hours,False,True,False
Drywall Installer / Finisher - per hour,48.0,6773.18,HR,"{'total_quantity': 48.0, 'total_rcv': 6773.18, 'occurrences_detail': ['Line 538: Qty=48.0, RCV=$6773.18']}",,,,,,,0,PAINTING,hours,False,True,False
Final cleaning - construction -,2345.0,1041.19,SF,"{'total_quantity': 2345.0, 'total_rcv': 1041.19, 'occurrences_detail': ['Line 539: Qty=2345.0, RCV=$1041.19']}",1786.0800000000004,771.6099999999999,"{'total_quantity': 1786.0800000000004, 'total_rcv': 771.6099999999999, 'occurrences_detail': ['Line 19: Qty=80.93, RCV=$34.95', 'Line 38: Qty=288.54, RCV=$124.65', 'Line 91: Qty=163.9, RCV=$70.80', 'Line 115: Qty=212.83, RCV=$91.94', 'Line 132: Qty=10.29, RCV=$4.44', 'Line 146: Qty=35.74, RCV=$15.45', 'Line 172: Qty=35.74, RCV=$15.45', 'Line 191: Qty=50.8, RCV=$21.95', 'Line 207: Qty=50.8, RCV=$21.95', 'Line 215: Qty=21.14, RCV=$9.13', 'Line 220: Qty=19.94, RCV=$8.62', 'Line 229: Qty=58.0, RCV=$25.06', 'Line 246: Qty=54.17, RCV=$23.40', 'Line 275: Qty=57.92, RCV=$25.03', 'Line 303: Qty=206.03, RCV=$89.01', 'Line 325: Qty=38.72, RCV=$16.72', 'Line 352: Qty=104.21, RCV=$45.02', 'Line 370: Qty=25.53, RCV=$11.03', 'Line 385: Qty=121.74, RCV=$52.59', 'Line 399: Qty=149.11, RCV=$64.42']}",558.9199999999996,269.58000000000015,25.89152796319597,100,CLEANING,square_feet,False,False,True
